Model_series,Dual Sim,VoLTE,5G,Vo5G,Ram,Battery,Foldable Display,Dual Display,External_Memory,Price,company,Inbuilt_memory,fast_charging,Water Drop Notch,with Punch Hole,Processor_,No _of_Rear,No _of_Front,Primary_rear_camera,Primary_front_camera,Number_of_core,pixal_D,PPI
F,1,1,1,0,4.0,6000,0,0,1024.0,9999,samsung,128.0,25.0,1,0,exynos,2,1,50.0,13.0,8,2639.102877873464,399.8640724050703
A,1,1,0,0,2.0,4000,0,0,512.0,9990,samsung,32.0,15.0,0,1,snapdragon,3,1,13.0,8.0,8,1718.1385275931623,268.4591449364316
A,1,1,0,0,4.0,5000,0,0,1024.0,11999,samsung,64.0,25.0,1,0,exynos,4,1,50.0,8.0,8,2639.102877873464,399.8640724050703
F,1,1,0,0,4.0,6000,0,0,1024.0,11999,samsung,64.0,25.0,0,0,helio,4,1,48.0,13.0,8,1754.5369759569046,274.14640249326635
A,1,1,0,0,4.0,5000,0,0,1024.0,11999,samsung,64.0,15.0,1,0,helio,3,1,13.0,5.0,8,1754.5369759569046,269.92876553183146
M,1,1,1,0,6.0,5000,0,0,1024.0,11990,samsung,128.0,15.0,0,0,dimensity,2,1,50.0,5.0,8,1754.5369759569046,269.92876553183146
M,1,1,0,0,4.0,6000,0,0,512.0,11990,samsung,64.0,15.0,1,0,exynos,3,1,48.0,20.0,8,2577.2077913897438,402.68871740464743
A,1,1,0,0,4.0,5000,0,0,1024.0,11990,samsung,64.0,15.0,1,0,helio,4,1,48.0,8.0,8,1718.1385275931623,264.3290042451019
A,1,1,1,0,4.0,5000,0,0,1024.0,11599,samsung,64.0,15.0,0,0,exynos,3,1,50.0,13.0,8,2639.102877873464,399.8640724050703
M,1,1,0,0,6.0,6000,0,0,1024.0,12298,samsung,128.0,15.0,1,0,exynos,3,1,50.0,8.0,8,2631.8054639353572,398.7584036265693
F,1,1,1,0,8.0,6000,0,0,1024.0,14999,samsung,128.0,25.0,0,0,exynos,3,1,50.0,13.0,8,2577.2077913897438,396.4935063676529
F,1,1,1,0,4.0,5000,0,0,1024.0,14999,samsung,128.0,25.0,0,0,snapdragon,3,1,50.0,8.0,8,2639.102877873464,399.8640724050703
F,1,1,0,0,4.0,6000,0,0,1024.0,14999,samsung,64.0,15.0,1,0,exynos,3,1,50.0,8.0,8,2639.102877873464,399.8640724050703
M,1,1,0,0,4.0,5000,0,0,1024.0,14999,samsung,128.0,18.0,0,0,helio,4,1,48.0,13.0,8,1754.5369759569046,274.14640249326635
M,1,1,0,0,6.0,6000,0,0,1024.0,14999,samsung,128.0,15.0,0,0,exynos,4,1,48.0,8.0,8,1754.5369759569046,269.92876553183146
A,1,1,0,0,4.0,3500,0,0,512.0,14999,samsung,64.0,25.0,1,0,helio,3,1,48.0,25.0,8,2577.2077913897438,422.4930805556957
F,1,1,1,0,6.0,6000,0,0,1024.0,14990,samsung,128.0,25.0,0,0,exynos,3,1,50.0,32.0,8,2577.2077913897438,390.48602899844605
F,1,1,0,0,4.0,5000,0,0,1024.0,14990,samsung,128.0,25.0,1,0,snapdragon,3,1,50.0,13.0,8,2631.8054639353572,392.8067856619936
A,1,1,1,0,6.0,5000,0,0,1024.0,14949,samsung,128.0,15.0,0,0,exynos,3,1,50.0,13.0,8,2639.102877873464,399.8640724050703
A,1,1,0,0,6.0,5000,0,0,1024.0,19999,samsung,128.0,15.0,0,0,helio,4,1,64.0,20.0,8,2631.8054639353572,411.2196037398995
F,1,1,0,0,6.0,6000,0,0,512.0,19999,samsung,64.0,15.0,1,0,exynos,3,1,64.0,32.0,8,2577.2077913897438,402.68871740464743
Wide,1,1,0,0,4.0,3500,0,0,1024.0,19990,samsung,64.0,25.0,1,0,exynos,2,1,13.0,16.0,8,1681.903683330291,270.8379522271
F,1,1,1,0,8.0,5000,0,0,1024.0,19990,samsung,128.0,25.0,0,0,snapdragon,2,1,50.0,16.0,8,2639.102877873464,395.66759788207855
A,1,1,0,0,6.0,5000,0,0,1024.0,19799,samsung,128.0,15.0,1,0,helio,4,1,48.0,13.0,8,1754.5369759569046,274.14640249326635
A,1,1,1,0,8.0,5000,0,0,1024.0,19499,samsung,128.0,25.0,0,0,dimensity,3,1,50.0,13.0,8,2577.2077913897438,396.4935063676529
A,1,1,1,0,8.0,5000,0,0,1024.0,18999,samsung,128.0,25.0,0,0,snapdragon,4,1,50.0,8.0,8,2639.102877873464,399.8640724050703
F,1,1,1,0,6.0,4500,0,0,1024.0,18999,samsung,128.0,18.0,0,0,dimensity,3,1,50.0,8.0,8,2639.102877873464,399.8640724050703
F,1,1,1,0,8.0,5000,0,0,1024.0,18990,samsung,128.0,30.0,0,0,snapdragon,3,1,64.0,16.0,8,2639.102877873464,395.66759788207855
A,1,1,0,0,8.0,5000,0,0,1024.0,18990,samsung,128.0,15.0,0,0,helio,4,1,64.0,20.0,8,2631.8054639353572,411.2196037398995
A,1,1,0,0,8.0,5000,0,0,1024.0,20999,samsung,128.0,25.0,1,0,snapdragon,4,1,50.0,8.0,8,2639.102877873464,399.8640724050703
S,1,1,1,0,8.0,4500,0,0,0.0,29999,samsung,256.0,25.0,0,0,snapdragon,3,1,12.0,32.0,8,2577.2077913897438,402.68871740464743
A,1,1,1,0,8.0,5000,0,0,1024.0,29999,samsung,256.0,25.0,0,0,exynos,3,1,50.0,13.0,8,2577.2077913897438,390.48602899844605
S,1,1,1,0,8.0,4500,0,0,1024.0,29999,samsung,128.0,15.0,0,0,snapdragon,3,1,12.0,32.0,8,2631.8054639353572,404.89314829774725
M,1,1,1,0,8.0,6000,0,0,1024.0,29999,samsung,128.0,25.0,0,0,exynos,3,1,50.0,13.0,8,2577.2077913897438,390.48602899844605
A,1,1,1,0,6.0,4500,0,0,512.0,29999,samsung,128.0,15.0,0,1,exynos,4,1,48.0,32.0,8,2631.8054639353572,404.89314829774725
M,1,1,1,0,6.0,5000,0,0,1024.0,29999,samsung,128.0,25.0,0,0,snapdragon,3,1,50.0,13.0,8,2631.8054639353572,399.97043524853456
A,1,1,1,0,8.0,5000,0,0,1024.0,28990,samsung,256.0,25.0,0,0,exynos,4,1,64.0,32.0,8,2631.8054639353572,404.89314829774725
A,1,1,0,0,8.0,4500,0,0,1024.0,28990,samsung,128.0,25.0,0,1,snapdragon,4,1,64.0,32.0,8,2631.8054639353572,392.8067856619936
A,1,1,0,0,8.0,4500,0,0,512.0,30500,samsung,128.0,25.0,1,0,snapdragon,3,1,64.0,32.0,8,2631.8054639353572,392.8067856619936
M,1,1,1,0,12.0,5000,0,0,1024.0,30999,samsung,256.0,45.0,0,0,snapdragon,3,1,50.0,50.0,8,2631.8054639353572,394.57353282389164
A,1,1,1,0,8.0,4500,0,0,1024.0,39999,samsung,128.0,25.0,0,1,snapdragon,4,1,64.0,32.0,8,2631.8054639353572,392.8067856619936
A,1,1,1,0,6.0,4500,0,0,1024.0,39990,samsung,128.0,25.0,0,0,snapdragon,3,1,64.0,10.0,8,3509.073951913809,522.9618408217301
A,1,1,1,0,6.0,4500,0,0,1024.0,39990,samsung,128.0,25.0,0,0,snapdragon,3,1,64.0,10.0,8,3509.073951913809,522.9618408217301
A,1,1,0,0,6.0,3400,0,0,512.0,39990,samsung,128.0,15.0,0,1,snapdragon,3,1,24.0,24.0,8,2577.2077913897438,402.68871740464743
A,1,1,1,0,8.0,5000,0,0,1024.0,38900,samsung,256.0,25.0,0,0,exynos,3,1,50.0,32.0,8,2577.2077913897438,390.48602899844605
Z,1,1,1,0,8.0,3300,1,1,0.0,37999,samsung,128.0,15.0,0,0,snapdragon,2,1,12.0,10.0,8,2852.367437761131,425.72648324793
M,1,1,1,0,8.0,6000,0,0,1024.0,37999,samsung,128.0,25.0,0,0,exynos,3,1,108.0,32.0,8,2631.8054639353572,392.8067856619936
A,1,1,0,0,8.0,5000,0,0,1024.0,37999,samsung,256.0,25.0,0,0,snapdragon,4,1,64.0,32.0,8,2631.8054639353572,392.8067856619936
Xcover,1,1,1,0,6.0,4050,0,0,512.0,37999,samsung,128.0,25.0,0,0,snapdragon,2,1,50.0,13.0,8,2639.102877873464,399.8640724050703
A,1,1,1,0,12.0,5000,0,0,1024.0,41289,samsung,256.0,25.0,0,0,exynos,3,1,50.0,32.0,8,2577.2077913897438,390.48602899844605
S,1,1,1,1,8.0,4500,0,0,0.0,41790,samsung,256.0,25.0,0,0,exynos,3,1,50.0,10.0,8,2577.2077913897438,402.68871740464743
A,1,1,1,0,8.0,5000,0,0,1024.0,42990,samsung,128.0,45.0,0,0,snapdragon,4,1,108.0,32.0,8,2642.7531099215453,389.78659438370875
A,1,1,1,0,8.0,5000,0,0,1024.0,42999,samsung,128.0,33.0,0,0,snapdragon,4,1,108.0,32.0,8,2642.7531099215453,394.44076267485747
S,1,1,1,1,8.0,3900,0,0,0.0,49999,samsung,128.0,25.0,0,0,snapdragon,3,1,50.0,12.0,8,2577.2077913897438,422.4930805556957
Note,1,1,0,0,12.0,4300,0,0,1024.0,49999,samsung,256.0,45.0,0,1,exynos,4,1,12.0,10.0,8,3363.807366660582,494.6775539206738
Z,1,1,1,0,8.0,3300,1,1,0.0,49999,samsung,256.0,15.0,0,0,snapdragon,2,1,12.0,10.0,8,2852.367437761131,425.72648324793
Z,0,1,1,0,8.0,3300,1,1,0.0,49990,samsung,128.0,25.0,0,0,snapdragon,2,1,12.0,10.0,8,2852.367437761131,425.72648324793
S,1,1,1,0,8.0,4800,0,0,0.0,49000,samsung,128.0,25.0,0,0,exynos,3,1,64.0,10.0,8,2631.8054639353572,392.8067856619936
A,1,1,1,0,8.0,5000,0,0,0.0,47990,samsung,128.0,15.0,0,1,dimensity,3,1,48.0,16.0,8,2631.8054639353572,392.8067856619936
A,1,1,1,0,8.0,5000,0,0,1024.0,44999,samsung,128.0,67.0,0,0,snapdragon,4,1,108.0,32.0,8,2642.7531099215453,394.44076267485747
A,1,1,1,0,8.0,5000,0,0,1024.0,44999,samsung,128.0,25.0,0,0,snapdragon,4,1,108.0,32.0,8,2631.8054639353572,392.8067856619936
Xcover,1,1,1,0,4.0,4500,0,0,1024.0,44990,samsung,64.0,25.0,0,0,exynos,2,1,25.0,13.0,8,2631.8054639353572,401.18985730721914
S,1,1,1,0,8.0,4200,0,0,0.0,51999,samsung,128.0,33.0,0,0,exynos,3,1,12.0,32.0,8,2631.8054639353572,411.2196037398995
Note,1,1,1,0,8.0,4200,0,0,0.0,54990,samsung,256.0,67.0,0,1,snapdragon,3,1,50.0,16.0,8,2686.6335812685734,400.9900867565035
S,1,1,1,1,8.0,3900,0,0,0.0,54999,samsung,256.0,25.0,0,0,snapdragon,3,1,50.0,12.0,8,2577.2077913897438,422.4930805556957
S,1,1,1,1,12.0,4500,0,0,0.0,59999,samsung,256.0,15.0,0,0,snapdragon,4,1,108.0,32.0,8,2631.8054639353572,431.44351867792744
Z,1,1,1,0,8.0,3700,1,1,0.0,59999,samsung,128.0,25.0,0,0,snapdragon,2,1,12.0,10.0,8,2852.367437761131,425.72648324793
S,1,1,1,1,8.0,4500,0,0,0.0,59999,samsung,128.0,45.0,0,0,snapdragon,3,1,50.0,10.0,8,2577.2077913897438,390.48602899844605
S,1,1,0,0,8.0,4500,0,0,1024.0,59999,samsung,128.0,25.0,0,0,exynos,3,1,12.0,32.0,8,2631.8054639353572,404.89314829774725
A,0,1,1,0,6.0,4500,0,0,512.0,57990,samsung,128.0,25.0,1,0,snapdragon,3,1,48.0,32.0,8,2631.8054639353572,392.8067856619936
S,1,1,0,0,8.0,4500,0,0,512.0,64999,samsung,256.0,15.0,0,0,exynos,4,2,108.0,12.0,8,3363.807366660582,525.5949010407159
Note,1,1,0,0,6.0,3300,0,0,512.0,65690,samsung,64.0,15.0,0,0,exynos,2,1,12.0,8.0,8,3291.6864978305575,522.4899202905647
Z,1,1,1,0,8.0,4400,1,1,0.0,69990,samsung,128.0,25.0,0,0,exynos,3,2,50.0,10.0,8,2831.6638218545645,380.08910360463955
S,1,1,1,0,8.0,4500,0,0,0.0,69999,samsung,128.0,25.0,0,0,snapdragon,3,1,12.0,32.0,8,2577.2077913897438,402.68871740464743
S,1,1,1,0,8.0,4000,0,0,0.0,69999,samsung,128.0,25.0,0,0,exynos,3,1,64.0,10.0,8,2631.8054639353572,424.48475224763826
S,1,1,0,0,6.0,3500,0,0,512.0,70000,samsung,64.0,15.0,0,0,exynos,2,1,12.0,8.0,8,3291.6864978305575,530.9171770694447
Z,1,1,1,1,12.0,5000,1,1,0.0,199990,samsung,256.0,80.0,0,0,snapdragon,4,2,200.0,12.0,8,2831.6638218545645,345.32485632372743
Z,1,1,1,1,12.0,4400,1,1,0.0,184999,samsung,1024.0,25.0,0,0,snapdragon,3,2,50.0,10.0,8,2831.6638218545645,372.58734498086375
Z,1,1,1,1,12.0,4400,1,1,0.0,179990,samsung,256.0,25.0,0,0,snapdragon,3,2,50.0,12.0,8,2831.6638218545645,353.95797773182056
Z,1,1,1,0,12.0,4400,1,1,0.0,177999,samsung,256.0,25.0,0,0,snapdragon,3,2,50.0,10.0,8,2831.6638218545645,372.58734498086375
Z,1,1,1,1,12.0,4400,1,1,0.0,164999,samsung,512.0,25.0,0,0,snapdragon,3,2,50.0,10.0,8,2831.6638218545645,372.58734498086375
Z,1,1,1,0,12.0,4400,1,1,0.0,164999,samsung,512.0,25.0,0,0,snapdragon,3,2,50.0,10.0,8,2831.6638218545645,372.58734498086375
S,1,1,1,1,12.0,5000,0,0,0.0,159999,samsung,1024.0,45.0,0,0,snapdragon,4,1,200.0,12.0,8,3436.2770551863246,505.33486105681243
Other,1,1,1,1,12.0,4500,1,1,0.0,159999,samsung,256.0,45.0,0,0,snapdragon,3,2,50.0,10.0,8,2831.6638218545645,371.1223881853951
Other,1,1,1,0,12.0,4320,1,1,0.0,159999,samsung,256.0,25.0,0,0,snapdragon,3,2,50.0,10.0,8,2831.6638218545645,372.58734498086375
Z,1,1,1,1,12.0,4400,1,1,0.0,154999,samsung,256.0,25.0,0,0,snapdragon,3,2,50.0,10.0,8,2831.6638218545645,372.58734498086375
S,1,1,1,1,12.0,5000,0,0,0.0,139999,samsung,512.0,45.0,0,0,snapdragon,4,1,200.0,12.0,8,3436.2770551863246,505.33486105681243
S,1,1,1,1,12.0,5000,0,0,0.0,130376,samsung,256.0,45.0,0,0,snapdragon,4,1,108.0,40.0,8,3400.0,500.0
S,1,1,1,1,12.0,5000,0,0,0.0,129999,samsung,256.0,45.0,0,0,snapdragon,4,1,200.0,12.0,8,3436.2770551863246,505.33486105681243
Y,1,1,0,0,4.0,5000,0,0,1024.0,6990,vivo,64.0,15.0,0,0,helio,2,1,13.0,5.0,8,1765.4869016789673,269.1291008656963
Y,1,1,0,0,2.0,4030,0,0,256.0,6999,vivo,32.0,44.0,1,0,helio,2,1,13.0,8.0,8,1681.903683330291,270.4025214357381
Y,1,0,0,0,1.0,1900,0,0,128.0,7499,vivo,16.0,44.0,0,0,helio,1,1,5.0,2.0,4,979.6509582499269,217.70021294442822
Y,1,1,0,0,4.0,5000,0,0,1024.0,7999,vivo,64.0,15.0,0,0,helio,2,1,13.0,5.0,8,1765.4869016789673,269.1291008656963
Y,1,1,0,0,2.0,5000,0,0,1024.0,8033,vivo,32.0,10.0,1,0,helio,1,1,8.0,5.0,8,1754.5369759569046,269.5141284111989
Y,1,1,0,0,2.0,4030,0,0,256.0,8199,vivo,32.0,44.0,1,0,helio,1,1,13.0,5.0,8,1681.903683330291,270.4025214357381
Y,1,1,0,0,2.0,5000,0,0,1024.0,8490,vivo,32.0,44.0,1,0,helio,1,1,8.0,5.0,8,1754.5369759569046,269.5141284111989
Y,1,1,0,0,4.0,5000,0,0,1024.0,9999,vivo,128.0,15.0,0,0,helio,2,1,50.0,8.0,8,1765.4869016789673,269.1291008656963
Y,1,1,0,0,4.0,5000,0,0,1024.0,9999,vivo,128.0,10.0,1,0,helio,2,1,13.0,5.0,8,1754.5369759569046,269.5141284111989
Y,1,1,0,0,3.0,5000,0,0,1024.0,9999,vivo,32.0,44.0,1,0,snapdragon,2,1,13.0,8.0,8,1754.5369759569046,269.5141284111989
Y,1,1,0,0,3.0,5000,0,0,1024.0,9999,vivo,32.0,10.0,1,0,helio,1,1,8.0,5.0,8,1754.5369759569046,269.5141284111989
Y,1,1,0,0,3.0,5000,0,0,1024.0,9999,vivo,64.0,10.0,1,0,helio,2,1,13.0,5.0,8,1754.5369759569046,269.5141284111989
Y,1,1,0,0,6.0,5000,0,0,1024.0,9990,vivo,128.0,15.0,0,0,helio,2,1,50.0,8.0,8,1765.4869016789673,269.1291008656963
U,1,1,0,0,4.0,5000,0,0,256.0,9990,vivo,64.0,18.0,1,0,snapdragon,3,1,16.0,16.0,8,2577.2077913897438,394.6719435512624
Y,1,1,0,0,3.0,5000,0,0,1024.0,9990,vivo,32.0,44.0,1,0,snapdragon,2,1,13.0,8.0,8,1754.5369759569046,269.5141284111989
Y,1,1,0,0,4.0,5000,0,0,256.0,9990,vivo,64.0,44.0,1,0,snapdragon,2,1,13.0,13.0,8,1703.6243717439593,262.09605719137835
Y,1,1,0,0,4.0,5000,0,0,1024.0,9499,vivo,64.0,15.0,1,0,helio,2,1,50.0,8.0,8,1765.4869016789673,269.1291008656963
Y,1,1,0,0,4.0,5000,0,0,1024.0,10199,vivo,64.0,18.0,1,0,helio,2,1,13.0,8.0,8,1754.5369759569046,269.5141284111989
Y,1,1,0,0,4.0,5000,0,0,1024.0,10499,vivo,128.0,15.0,1,0,helio,2,1,50.0,8.0,8,1765.4869016789673,269.1291008656963
Y,1,1,0,0,4.0,5000,0,0,1024.0,10499,vivo,128.0,18.0,1,0,helio,1,1,8.0,5.0,8,1754.5369759569046,269.5141284111989
T,1,1,1,0,4.0,5000,0,0,1024.0,11999,vivo,128.0,18.0,1,0,dimensity,2,1,50.0,8.0,8,2639.102877873464,401.07946472241093
Y,1,1,1,0,4.0,6000,0,0,0.0,11999,vivo,128.0,15.0,1,0,dimensity,2,1,13.0,5.0,8,1754.5369759569046,269.5141284111989
T,1,1,0,0,4.0,5000,0,0,1024.0,11999,vivo,64.0,18.0,0,0,snapdragon,2,1,50.0,8.0,8,2639.102877873464,401.07946472241093
U,1,1,0,0,6.0,5000,0,0,256.0,11990,vivo,64.0,18.0,1,0,snapdragon,3,1,16.0,16.0,8,2577.2077913897438,394.6719435512624
Y,1,1,0,0,3.0,5000,0,0,256.0,11990,vivo,64.0,44.0,1,0,helio,3,1,13.0,8.0,8,1703.6243717439593,268.287302636844
Y,1,1,0,0,6.0,5000,0,0,1024.0,11990,vivo,128.0,44.0,1,0,helio,2,1,13.0,8.0,8,1765.4869016789673,269.1291008656963
Y,1,1,0,0,3.0,5000,0,0,1024.0,11990,vivo,64.0,44.0,1,0,snapdragon,3,1,13.0,8.0,8,1754.5369759569046,269.5141284111989
T,1,1,0,0,4.0,5000,0,0,1024.0,11899,vivo,128.0,18.0,0,0,snapdragon,2,1,50.0,8.0,8,2639.102877873464,401.07946472241093
Y,1,1,0,0,4.0,5000,0,0,1024.0,11580,vivo,64.0,18.0,1,0,helio,2,1,50.0,8.0,8,1765.4869016789673,269.5399849891553
Y,1,1,0,0,4.0,5000,0,0,1024.0,11490,vivo,128.0,18.0,0,0,snapdragon,3,1,50.0,8.0,8,1754.5369759569046,269.5141284111989
Y,1,1,0,0,3.0,5000,0,0,256.0,11490,vivo,64.0,18.0,1,0,snapdragon,3,1,13.0,8.0,8,1754.5369759569046,269.5141284111989
Y,1,1,0,0,4.0,5000,0,0,1024.0,11390,vivo,128.0,18.0,1,0,helio,2,1,50.0,8.0,8,1765.4869016789673,269.5399849891553
Y,1,1,0,0,6.0,5000,0,0,1024.0,10999,vivo,128.0,44.0,1,0,helio,2,1,50.0,8.0,8,2620.867032109794,394.70889037798105
Y,1,1,0,0,2.0,2650,0,0,128.0,12350,vivo,16.0,44.0,0,0,snapdragon,1,1,8.0,5.0,8,1468.6047800548656,282.42399616439724
Y,1,1,0,0,4.0,5000,0,0,0.0,12490,vivo,128.0,44.0,1,0,helio,2,1,13.0,8.0,8,1754.5369759569046,269.5141284111989
Y,1,1,0,0,4.0,5000,0,0,0.0,12490,vivo,128.0,44.0,1,0,helio,2,1,13.0,8.0,8,1754.5369759569046,269.5141284111989
Y,1,1,0,0,3.0,3000,0,0,128.0,15050,vivo,32.0,44.0,0,0,snapdragon,1,1,13.0,16.0,8,1468.6047800548656,267.0190509190665
T,1,1,1,0,6.0,6000,0,0,1024.0,14999,vivo,128.0,44.0,0,0,snapdragon,2,1,50.0,8.0,8,2639.102877873464,392.7236425406941
T,1,1,1,0,8.0,5000,0,0,1024.0,14999,vivo,128.0,18.0,1,0,dimensity,2,1,50.0,8.0,8,2639.102877873464,401.07946472241093
Y,1,1,0,0,6.0,5000,0,0,1024.0,14999,vivo,128.0,18.0,1,0,helio,2,1,50.0,8.0,8,1765.4869016789673,269.5399849891553
Y,1,1,1,0,4.0,5000,0,0,1024.0,14999,vivo,128.0,44.0,1,0,dimensity,2,1,13.0,8.0,8,1754.5369759569046,269.5141284111989
Y,1,1,1,0,8.0,5000,0,0,0.0,14999,vivo,128.0,18.0,1,0,dimensity,2,1,13.0,8.0,8,1754.5369759569046,269.5141284111989
Y,1,1,0,0,6.0,4200,0,0,256.0,14999,vivo,64.0,18.0,1,0,helio,3,1,16.0,8.0,8,2631.8054639353572,403.03299600847737
T,1,1,1,0,6.0,6000,0,0,1024.0,14990,vivo,128.0,44.0,0,0,snapdragon,2,1,64.0,16.0,8,2639.102877873464,389.2482120757321
Y,1,1,1,0,4.0,5000,0,0,1024.0,14990,vivo,128.0,18.0,1,0,dimensity,2,1,50.0,16.0,8,2639.102877873464,401.07946472241093
Y,1,1,0,0,8.0,5000,0,0,1024.0,14990,vivo,128.0,18.0,0,0,snapdragon,2,1,50.0,8.0,8,1765.4869016789673,269.5399849891553
Y,1,1,0,0,4.0,5000,0,0,1024.0,14990,vivo,128.0,18.0,1,0,helio,3,1,50.0,8.0,8,1754.5369759569046,269.5141284111989
Y,1,1,0,0,6.0,5000,0,0,256.0,14990,vivo,128.0,18.0,1,0,helio,3,1,13.0,8.0,8,1754.5369759569046,269.5141284111989
G,1,1,1,0,4.0,5000,0,0,1024.0,14990,vivo,128.0,18.0,0,0,dimensity,1,1,13.0,5.0,8,1765.4869016789673,269.1291008656963
T,1,1,1,0,8.0,5000,0,0,1024.0,19999,vivo,128.0,44.0,0,0,dimensity,3,1,50.0,16.0,8,2631.8054639353572,394.57353282389164
Y,1,1,1,0,6.0,5000,0,0,1024.0,19999,vivo,128.0,44.0,0,0,snapdragon,2,1,50.0,16.0,8,2631.8054639353572,394.57353282389164
V,1,1,1,0,8.0,4600,0,0,1024.0,19990,vivo,128.0,66.0,0,0,helio,3,1,50.0,16.0,8,2631.8054639353572,396.3562445685779
Y,1,1,0,0,8.0,4800,0,0,1024.0,19990,vivo,128.0,80.0,0,0,snapdragon,2,1,50.0,8.0,8,2631.8054639353572,394.57353282389164
V,1,1,0,0,8.0,4800,0,0,1024.0,19990,vivo,128.0,80.0,0,0,snapdragon,2,1,50.0,8.0,8,2631.8054639353572,394.57353282389164
Y,1,1,1,0,12.0,4100,0,0,1024.0,19990,vivo,256.0,44.0,1,0,dimensity,2,1,50.0,8.0,8,2639.102877873464,401.07946472241093
V,1,1,0,0,8.0,4500,0,0,1024.0,19990,vivo,256.0,44.0,0,0,helio,3,1,64.0,32.0,8,2631.8054639353572,408.66544471045916
V,1,1,1,0,8.0,5500,0,0,1024.0,29999,vivo,256.0,44.0,0,0,snapdragon,2,1,50.0,50.0,8,2631.8054639353572,388.1718973355984
V,1,1,1,0,8.0,4300,0,0,0.0,29999,vivo,128.0,44.0,0,0,dimensity,3,2,108.0,50.0,8,2609.9379302964276,397.85639181347983
V,1,1,1,0,8.0,4000,0,0,1024.0,29999,vivo,128.0,33.0,0,0,dimensity,3,1,64.0,44.0,8,2631.8054639353572,408.66544471045916
S,1,1,1,0,8.0,5000,0,0,0.0,29990,vivo,256.0,100.0,0,0,snapdragon,3,1,50.0,50.0,8,3671.5119501371637,541.5209365984017
V,1,1,1,0,8.0,4000,0,0,0.0,29990,vivo,128.0,33.0,0,0,snapdragon,3,2,64.0,44.0,8,2631.8054639353572,408.66544471045916
S,1,1,1,0,8.0,4600,0,0,0.0,29990,vivo,128.0,66.0,0,0,snapdragon,3,1,64.0,50.0,8,2631.8054639353572,388.1718973355984
Y,1,1,1,0,8.0,5000,0,0,0.0,29990,vivo,256.0,120.0,0,0,dimensity,2,1,64.0,16.0,8,2620.867032109794,394.70889037798105
V,1,1,1,0,8.0,5000,0,0,0.0,29990,vivo,128.0,67.0,0,0,dimensity,3,1,50.0,32.0,8,2631.8054639353572,394.57353282389164
V,1,1,1,0,8.0,4600,0,0,0.0,29799,vivo,128.0,80.0,0,0,snapdragon,3,1,50.0,50.0,8,3070.439707924583,452.8672135581981
V,1,1,1,0,8.0,5000,0,0,0.0,30739,vivo,128.0,80.0,0,0,snapdragon,2,1,50.0,50.0,8,3070.439707924583,452.8672135581981
V,1,1,1,0,12.0,4830,0,0,0.0,31398,vivo,256.0,66.0,0,0,dimensity,3,1,64.0,32.0,8,2609.9379302964276,397.85639181347983
T,1,1,1,1,8.0,4700,0,0,1024.0,31990,vivo,256.0,80.0,0,0,snapdragon,3,1,64.0,32.0,8,2639.102877873464,395.66759788207855
V,1,1,1,0,8.0,5000,0,0,1024.0,31990,vivo,128.0,44.0,0,0,snapdragon,3,1,64.0,16.0,8,2631.8054639353572,388.1718973355984
V,1,1,1,0,8.0,4600,0,0,0.0,39999,vivo,256.0,66.0,0,0,dimensity,3,1,50.0,50.0,8,2631.8054639353572,388.1718973355984
S,1,1,1,0,12.0,5000,0,0,0.0,39990,vivo,256.0,80.0,0,0,dimensity,3,1,50.0,50.0,8,3070.439707924583,450.2111008687072
V,0,1,1,0,12.0,4800,0,0,1024.0,39990,vivo,256.0,44.0,0,0,snapdragon,3,1,64.0,50.0,8,2631.8054639353572,394.57353282389164
V,1,1,1,0,8.0,5000,0,0,0.0,39990,vivo,256.0,120.0,0,0,dimensity,3,1,108.0,50.0,8,2990.4086677241958,446.3296518991337
X,1,1,1,0,8.0,5000,0,0,0.0,39990,vivo,128.0,67.0,0,0,dimensity,3,1,50.0,16.0,8,2631.8054639353572,388.1718973355984
S,1,1,1,0,8.0,4300,0,0,0.0,39990,vivo,128.0,44.0,0,0,dimensity,3,2,108.0,50.0,8,2631.8054639353572,401.18985730721914
S,1,1,1,0,12.0,4050,0,0,0.0,38990,vivo,256.0,44.0,0,0,dimensity,3,2,108.0,44.0,8,2631.8054639353572,408.66544471045916
V,1,1,1,0,12.0,4600,0,0,0.0,38799,vivo,256.0,80.0,0,0,dimensity,3,1,50.0,50.0,8,3070.439707924583,452.8672135581981
V,1,1,1,0,12.0,5000,0,0,0.0,37999,vivo,256.0,80.0,0,0,snapdragon,2,1,50.0,50.0,8,3070.439707924583,452.8672135581981
X,1,1,1,0,8.0,5000,0,0,0.0,37990,vivo,128.0,67.0,0,0,dimensity,3,1,50.0,32.0,8,2631.8054639353572,398.7584036265693
V,1,1,1,0,8.0,5000,0,0,0.0,40990,vivo,256.0,80.0,0,0,dimensity,3,1,50.0,50.0,8,3070.439707924583,452.8672135581981
V,1,1,1,0,12.0,5000,0,0,0.0,42990,vivo,256.0,100.0,0,0,dimensity,3,1,64.0,50.0,8,3070.439707924583,451.5352511653799
V,1,1,1,0,12.0,4800,0,0,0.0,42990,vivo,256.0,100.0,0,0,dimensity,3,1,200.0,32.0,8,2631.8054639353572,392.8067856619936
X,1,1,1,0,8.0,4500,0,0,0.0,42999,vivo,256.0,15.0,0,0,dimensity,3,1,50.0,32.0,8,2642.7531099215453,406.57740152639155
X,1,1,1,0,8.0,4500,0,0,0.0,49999,vivo,256.0,15.0,0,0,dimensity,3,1,50.0,32.0,8,2631.8054639353572,404.89314829774725
Nex,1,1,1,0,8.0,4500,0,0,0.0,49990,vivo,256.0,66.0,0,0,snapdragon,3,1,50.0,32.0,8,2501.186918245016,368.9066251098843
V,1,1,1,0,12.0,5000,0,0,0.0,49940,vivo,256.0,150.0,0,0,dimensity,3,1,200.0,50.0,8,2990.4086677241958,441.06322532805245
X,1,1,1,0,12.0,4810,0,0,0.0,48990,vivo,256.0,120.0,0,0,dimensity,3,1,50.0,32.0,8,3070.439707924583,452.8672135581981
X,1,1,1,0,12.0,5100,0,0,0.0,46990,vivo,256.0,100.0,0,0,dimensity,3,1,64.0,32.0,8,3070.439707924583,452.8672135581981
V,0,1,1,0,12.0,5000,0,0,1024.0,45990,vivo,256.0,44.0,0,0,snapdragon,3,1,108.0,50.0,8,2631.8054639353572,393.9828538825385
V,1,1,1,0,12.0,5000,0,0,0.0,45210,vivo,512.0,80.0,0,0,dimensity,3,1,50.0,50.0,8,3070.439707924583,452.8672135581981
V,1,1,1,0,12.0,5000,0,0,0.0,44990,vivo,256.0,100.0,0,0,snapdragon,4,1,50.0,50.0,8,3070.439707924583,451.5352511653799
X,1,1,1,0,8.0,4810,0,0,0.0,44990,vivo,256.0,120.0,0,0,dimensity,3,1,50.0,32.0,8,3070.439707924583,452.8672135581981
X,1,1,1,0,8.0,4810,0,0,0.0,50999,vivo,256.0,120.0,0,0,dimensity,3,1,50.0,32.0,8,3070.439707924583,452.8672135581981
X,1,1,1,0,12.0,4500,0,0,0.0,51999,vivo,256.0,55.0,0,0,snapdragon,4,1,50.0,32.0,8,3509.073951913809,517.5625297807978
X,1,1,1,0,8.0,4500,0,0,0.0,54999,vivo,128.0,80.0,0,0,dimensity,3,1,50.0,32.0,8,2631.8054639353572,388.1718973355984
X,1,1,1,0,8.0,4200,0,0,0.0,56990,vivo,128.0,55.0,0,0,snapdragon,4,1,50.0,32.0,8,2609.9379302964276,397.85639181347983
X,1,1,1,0,12.0,5400,0,0,0.0,58990,vivo,256.0,100.0,0,0,dimensity,3,1,50.0,32.0,8,3070.439707924583,452.8672135581981
X,1,1,1,0,8.0,5000,0,0,0.0,62990,vivo,256.0,200.0,0,0,dimensity,3,1,108.0,32.0,8,3070.439707924583,451.5352511653799
X,1,1,1,0,12.0,5000,0,0,0.0,63999,vivo,256.0,120.0,0,0,dimensity,3,1,64.0,32.0,8,3070.439707924583,452.8672135581981
X,1,1,1,0,8.0,4200,0,0,0.0,64990,vivo,128.0,55.0,0,0,snapdragon,4,1,50.0,32.0,8,2609.9379302964276,397.85639181347983
X,1,1,1,0,16.0,5000,0,0,0.0,65490,vivo,256.0,120.0,0,0,dimensity,3,1,64.0,32.0,8,3070.439707924583,452.8672135581981
X,1,1,1,0,12.0,5000,0,0,0.0,69990,vivo,256.0,200.0,0,0,dimensity,3,1,50.3,32.0,8,3070.439707924583,450.2111008687072
X,1,1,1,0,8.0,5000,0,0,0.0,69990,vivo,256.0,80.0,0,0,snapdragon,4,1,50.0,16.0,8,3400.0,485.7142857142857
X,1,1,1,0,12.0,4400,1,1,0.0,71990,vivo,256.0,44.0,0,0,snapdragon,2,1,50.0,32.0,8,2741.678318111007,406.7771985327903
X,1,1,1,0,12.0,4870,0,0,0.0,74899,vivo,256.0,120.0,0,0,dimensity,3,1,50.0,32.0,8,3070.439707924583,452.8672135581981
X,1,1,1,0,12.0,5500,0,0,0.0,76990,vivo,256.0,80.0,0,0,snapdragon,3,1,200.0,50.0,8,3070.439707924583,452.8672135581981
X,1,1,1,0,12.0,5000,0,0,0.0,76990,vivo,256.0,80.0,0,0,snapdragon,4,1,50.0,16.0,8,3400.0,485.7142857142857
X,1,1,1,0,12.0,4700,0,0,0.0,79999,vivo,256.0,80.0,0,0,snapdragon,4,1,50.0,32.0,8,3509.073951913809,517.5625297807978
X,1,1,1,0,12.0,5500,1,1,0.0,80990,vivo,256.0,80.0,0,0,snapdragon,3,2,50.0,32.0,8,3315.177219998955,412.8489688666196
X,1,1,1,0,12.0,5000,1,1,0.0,139990,vivo,256.0,150.0,0,0,snapdragon,3,2,200.0,32.0,8,2887.3267913417767,352.11302333436305
X,1,1,1,0,12.0,4600,1,1,0.0,118990,vivo,512.0,66.0,0,0,snapdragon,4,1,50.0,16.0,8,2887.3267913417767,359.56747090184024
X,1,1,1,0,16.0,5700,1,1,0.0,115990,vivo,512.0,100.0,0,0,snapdragon,3,2,64.0,32.0,8,3315.177219998955,412.8489688666196
X,1,1,1,0,12.0,4730,1,1,0.0,113990,vivo,256.0,80.0,0,0,snapdragon,4,2,50.0,16.0,8,2887.3267913417767,359.56747090184024
X,1,1,1,0,8.0,4700,1,1,0.0,110990,vivo,128.0,80.0,0,0,snapdragon,3,1,48.0,16.0,8,2887.3267913417767,360.0158093942365
X,1,1,1,0,12.0,5000,1,1,0.0,109990,vivo,256.0,67.0,0,0,snapdragon,2,1,200.0,32.0,8,2741.678318111007,403.187987957501
X,1,1,1,0,12.0,4800,1,1,0.0,107990,vivo,256.0,120.0,0,0,snapdragon,3,2,50.0,16.0,8,2887.3267913417767,359.56747090184024
X,1,1,1,0,12.0,4600,1,1,0.0,106990,vivo,256.0,66.0,0,0,snapdragon,4,1,50.0,16.0,8,2887.3267913417767,359.56747090184024
X,1,1,1,0,12.0,5400,0,0,0.0,99990,vivo,256.0,100.0,0,0,snapdragon,3,1,200.0,32.0,8,3509.073951913809,517.5625297807978
X,1,1,1,0,12.0,4870,0,0,0.0,99990,vivo,256.0,200.0,0,0,snapdragon,4,1,200.0,60.0,8,3509.073951913809,514.5269724213796
X,1,1,1,0,12.0,5000,1,1,0.0,99990,vivo,256.0,44.0,0,0,snapdragon,3,1,64.0,32.0,8,2828.619451251794,362.64351939125567
X,1,1,1,0,12.0,4700,0,0,0.0,94999,vivo,256.0,80.0,0,0,snapdragon,4,1,50.3,32.0,8,3509.073951913809,517.5625297807978
X,1,1,1,0,16.0,5400,0,0,0.0,89999,vivo,256.0,100.0,0,0,dimensity,3,1,50.0,32.0,8,3070.439707924583,452.8672135581981
X,1,1,1,0,12.0,4400,1,1,0.0,89990,vivo,256.0,44.0,0,0,snapdragon,2,1,50.0,32.0,8,2741.678318111007,404.37733305472074
X,1,1,1,0,12.0,5000,0,0,0.0,82990,vivo,512.0,80.0,0,0,snapdragon,4,1,50.0,16.0,8,3400.0,485.7142857142857
X,1,1,1,0,12.0,4500,0,0,0.0,82990,vivo,256.0,120.0,0,0,snapdragon,4,1,50.0,32.0,8,3509.073951913809,517.5625297807978
C,1,1,0,0,2.0,5000,0,0,1024.0,6950,realme,32.0,10.0,1,0,unisoc,1,1,8.0,5.0,8,1754.5369759569046,269.92876553183146
C,1,1,0,0,3.0,5000,0,0,256.0,6950,realme,32.0,33.0,1,0,helio,3,1,13.0,5.0,8,1754.5369759569046,269.92876553183146
C,1,1,0,0,3.0,5000,0,0,1024.0,7199,realme,32.0,33.0,1,0,unisoc,1,1,8.0,5.0,8,1754.5369759569046,269.92876553183146
C,1,1,0,0,3.0,5000,0,0,256.0,7450,realme,32.0,33.0,1,0,unisoc,3,1,13.0,5.0,8,1754.5369759569046,269.92876553183146
C,1,1,0,0,4.0,5000,0,0,1024.0,7480,realme,64.0,33.0,1,0,unisoc,1,1,8.0,5.0,10,1754.5369759569046,269.1007631835743
Narzo,1,1,0,0,2.0,5000,0,0,256.0,7499,realme,32.0,33.0,1,0,unisoc,1,1,8.0,5.0,8,1754.5369759569046,269.92876553183146
Other,1,1,0,0,3.0,5000,0,0,256.0,7499,realme,32.0,33.0,1,0,snapdragon,4,1,12.0,13.0,8,1754.5369759569046,269.92876553183146
C,1,1,0,0,3.0,6000,0,0,256.0,7790,realme,32.0,33.0,1,0,helio,3,1,13.0,5.0,8,1754.5369759569046,269.1007631835743
Narzo,1,1,0,0,4.0,5000,0,0,2048.0,7815,realme,64.0,33.0,0,0,unisoc,2,1,50.0,8.0,8,1754.5369759569046,260.31705874731523
C,1,1,0,0,4.0,5000,0,0,256.0,7850,realme,64.0,33.0,1,0,helio,3,1,13.0,5.0,8,1754.5369759569046,269.92876553183146
C,1,1,0,0,4.0,5000,0,0,1024.0,7919,realme,64.0,18.0,1,0,unisoc,3,1,50.0,8.0,8,2639.102877873464,399.8640724050703
C,1,1,0,0,4.0,5000,0,0,2048.0,7920,realme,64.0,33.0,0,0,unisoc,2,1,50.0,5.0,8,1754.5369759569046,260.31705874731523
C,1,1,0,0,3.0,5000,0,0,1024.0,7945,realme,32.0,33.0,1,0,unisoc,2,1,50.0,5.0,8,1754.5369759569046,269.92876553183146
C,1,1,0,0,4.0,5000,0,0,1024.0,7950,realme,64.0,10.0,1,0,unisoc,1,1,8.0,5.0,8,1754.5369759569046,269.92876553183146
C,1,1,0,0,4.0,5000,0,0,256.0,7980,realme,64.0,18.0,1,0,unisoc,3,1,50.0,8.0,8,1754.5369759569046,269.92876553183146
Other,1,1,0,0,4.0,5000,0,0,256.0,9999,realme,64.0,18.0,0,0,helio,3,1,50.0,16.0,8,2642.7531099215453,400.4171378669008
C,1,1,0,0,4.0,6000,0,0,256.0,9999,realme,64.0,18.0,1,0,helio,3,1,13.0,8.0,8,1754.5369759569046,269.92876553183146
Other,1,1,0,0,4.0,5000,0,0,256.0,9999,realme,64.0,33.0,1,0,snapdragon,4,1,12.0,13.0,8,1754.5369759569046,269.92876553183146
C,1,1,0,0,4.0,5000,0,0,2048.0,9990,realme,128.0,45.0,0,0,helio,2,1,50.0,8.0,8,2631.8054639353572,388.1718973355984
Narzo,1,1,0,0,6.0,5000,0,0,1024.0,9990,realme,128.0,33.0,0,0,helio,2,1,64.0,8.0,8,2631.8054639353572,391.6377178475234
C,1,1,0,0,4.0,5000,0,0,256.0,9990,realme,64.0,33.0,1,0,helio,3,1,13.0,8.0,8,1754.5369759569046,266.24233322563043
C,1,1,0,0,4.0,6000,0,0,256.0,9990,realme,64.0,33.0,0,0,helio,3,1,48.0,8.0,8,1754.5369759569046,267.45990487147935
C,1,1,0,0,3.0,6000,0,0,256.0,9990,realme,32.0,18.0,1,0,snapdragon,4,1,13.0,8.0,8,1754.5369759569046,269.1007631835743
Narzo,1,1,0,0,4.0,5100,0,0,512.0,9990,realme,64.0,33.0,0,0,helio,3,1,50.0,8.0,8,1754.5369759569046,261.871190441329
C,1,1,0,0,3.0,6000,0,0,256.0,9893,realme,32.0,18.0,1,0,helio,4,1,13.0,8.0,8,1754.5369759569046,269.1007631835743
C,1,1,0,0,6.0,5000,0,0,2048.0,9820,realme,128.0,18.0,0,0,unisoc,2,1,108.0,8.0,8,2631.8054639353572,390.4755881209729
Other,1,1,0,0,4.0,5000,0,0,1024.0,10299,realme,64.0,33.0,0,0,helio,2,1,50.0,16.0,8,2631.8054639353572,411.2196037398995
Narzo,1,1,0,0,8.0,5000,0,0,2048.0,10390,realme,128.0,33.0,0,0,unisoc,2,1,50.0,8.0,8,1754.5369759569046,260.31705874731523
C,1,1,1,0,4.0,5000,0,0,2048.0,10499,realme,64.0,15.0,0,0,dimensity,1,1,50.0,8.0,8,1758.1854282185368,263.5960162246682
Narzo,1,1,0,0,4.0,6000,0,0,256.0,10499,realme,64.0,18.0,1,0,helio,3,1,48.0,8.0,8,1754.5369759569046,269.92876553183146
Narzo,1,1,1,0,4.0,5000,0,0,2048.0,11999,realme,128.0,45.0,0,0,dimensity,2,1,50.0,8.0,8,2631.8054639353572,391.6377178475234
Other,1,1,1,0,4.0,5000,0,0,2048.0,11999,realme,128.0,45.0,0,0,dimensity,2,1,50.0,8.0,8,2631.8054639353572,391.6377178475234
Narzo,1,1,1,0,6.0,5000,0,0,2048.0,11999,realme,128.0,33.0,0,0,dimensity,2,1,50.0,8.0,8,2631.8054639353572,391.6377178475234
Other,1,1,0,0,6.0,5000,0,0,256.0,11999,realme,64.0,30.0,0,0,helio,4,1,64.0,16.0,8,2631.8054639353572,404.89314829774725
Narzo,1,1,0,0,4.0,5000,0,0,256.0,11999,realme,64.0,18.0,1,0,helio,3,1,50.0,8.0,8,1754.5369759569046,269.1007631835743
Narzo,1,1,0,0,4.0,4500,0,0,256.0,11999,realme,64.0,18.0,0,0,snapdragon,3,1,50.0,16.0,8,2686.6335812685734,407.0656941316021
Narzo,1,1,0,0,4.0,5000,0,0,256.0,11999,realme,64.0,18.0,1,0,helio,3,1,50.0,8.0,8,1754.5369759569046,269.1007631835743
C,1,1,0,0,8.0,5000,0,0,1024.0,11990,realme,128.0,33.0,0,0,snapdragon,2,1,108.0,0.0,8,2631.8054639353572,391.6377178475234
Q,1,1,1,0,4.0,5000,0,0,1024.0,11990,realme,64.0,33.0,1,0,dimensity,2,1,13.0,5.0,8,1754.5369759569046,269.92876553183146
C,1,1,1,0,4.0,5000,0,0,2048.0,11910,realme,128.0,33.0,0,0,dimensity,2,1,50.0,8.0,8,2631.8054639353572,391.6377178475234
Other,1,1,0,0,4.0,5000,0,0,256.0,11749,realme,64.0,18.0,0,0,snapdragon,4,1,64.0,16.0,8,1754.5369759569046,269.92876553183146
C,1,1,1,0,4.0,5000,0,0,2048.0,11499,realme,128.0,15.0,0,0,dimensity,1,1,50.0,8.0,8,1758.1854282185368,263.5960162246682
V,1,1,1,0,4.0,5000,0,0,1024.0,11499,realme,128.0,33.0,0,1,dimensity,2,1,13.0,5.0,8,1754.5369759569046,269.92876553183146
Other,1,1,0,0,4.0,5000,0,0,256.0,12251,realme,128.0,30.0,0,1,helio,4,1,64.0,16.0,8,2631.8054639353572,411.2196037398995
Other,1,1,1,0,4.0,5000,0,0,1024.0,12490,realme,64.0,18.0,0,0,dimensity,3,1,50.0,8.0,8,2639.102877873464,399.8640724050703
Other,1,1,1,0,4.0,5000,0,0,1024.0,12490,realme,64.0,18.0,0,0,dimensity,3,1,48.0,16.0,8,2631.8054639353572,404.89314829774725
Narzo,1,1,1,0,8.0,5000,0,0,1024.0,14999,realme,128.0,33.0,0,0,dimensity,2,1,64.0,16.0,8,2631.8054639353572,409.3010052776606
Other,1,1,1,0,8.0,5000,0,0,2048.0,14999,realme,128.0,45.0,0,0,dimensity,2,1,50.0,8.0,8,2631.8054639353572,391.6377178475234
C,1,1,1,0,6.0,5000,0,0,2048.0,14999,realme,128.0,44.0,0,0,dimensity,2,1,108.0,8.0,8,2631.8054639353572,388.1718973355984
V,1,1,1,0,6.0,5000,0,0,512.0,14999,realme,128.0,10.0,0,0,dimensity,2,1,13.0,5.0,8,1754.5369759569046,269.92876553183146
Other,1,1,0,0,6.0,4300,0,0,0.0,14999,realme,64.0,30.0,0,0,helio,4,1,48.0,16.0,8,2631.8054639353572,404.89314829774725
Narzo,1,1,1,0,6.0,5000,0,0,2048.0,14990,realme,128.0,65.0,0,0,dimensity,3,1,50.0,16.0,8,2631.8054639353572,391.6377178475234
Other,1,1,0,0,8.0,5000,0,0,1024.0,14990,realme,128.0,67.0,0,0,helio,2,1,108.0,16.0,8,2631.8054639353572,411.2196037398995
Q,1,1,1,0,6.0,5000,0,0,1024.0,14990,realme,128.0,60.0,0,0,snapdragon,3,1,50.0,16.0,8,2642.7531099215453,400.4171378669008
Other,1,1,1,0,6.0,5000,0,0,2048.0,14844,realme,128.0,33.0,0,0,dimensity,2,1,64.0,8.0,8,2631.8054639353572,391.6377178475234
Other,1,1,1,0,8.0,5000,0,0,1024.0,14499,realme,128.0,33.0,0,0,dimensity,3,1,50.0,8.0,8,2639.102877873464,399.8640724050703
C,1,1,0,0,8.0,5000,0,0,1024.0,13999,realme,128.0,33.0,0,0,helio,2,1,64.0,8.0,8,2631.8054639353572,391.6377178475234
Other,1,1,0,0,8.0,5000,0,0,256.0,13999,realme,128.0,33.0,0,0,snapdragon,3,1,108.0,16.0,8,2631.8054639353572,411.2196037398995
Xt,1,1,0,0,4.0,4000,0,0,256.0,15299,realme,64.0,20.0,1,0,snapdragon,4,1,64.0,16.0,8,2577.2077913897438,402.68871740464743
Narzo,1,1,1,0,6.0,5000,0,0,1024.0,15329,realme,128.0,45.0,0,0,dimensity,2,1,50.0,16.0,8,2631.8054639353572,394.57353282389164
Other,1,1,1,0,8.0,5000,0,0,2048.0,15749,realme,128.0,33.0,0,0,dimensity,2,1,64.0,8.0,8,2631.8054639353572,391.6377178475234
Other,1,1,0,0,8.0,5000,0,0,256.0,15990,realme,128.0,30.0,0,1,helio,4,1,64.0,16.0,8,2631.8054639353572,411.2196037398995
V,1,1,1,1,6.0,5000,0,0,1024.0,15990,realme,128.0,33.0,0,0,dimensity,2,1,13.0,8.0,8,2631.8054639353572,391.6377178475234
Other,1,1,1,0,6.0,5000,0,0,1024.0,19999,realme,128.0,33.0,0,0,snapdragon,2,1,108.0,16.0,8,2631.8054639353572,391.6377178475234
Other,1,1,0,0,6.0,4500,0,0,256.0,19999,realme,128.0,65.0,0,1,snapdragon,4,1,64.0,32.0,8,2631.8054639353572,411.2196037398995
Other,1,1,1,0,6.0,4500,0,0,1024.0,19999,realme,128.0,33.0,0,0,snapdragon,3,1,50.0,16.0,8,2642.7531099215453,400.4171378669008
Gt,1,1,1,1,8.0,5500,0,0,0.0,19990,realme,256.0,100.0,0,0,snapdragon,2,1,50.0,32.0,8,3053.8657468854126,450.42267653177174
Note,1,1,1,0,8.0,5000,0,0,0.0,19990,realme,256.0,67.0,0,0,dimensity,3,1,108.0,16.0,8,2642.7531099215453,396.2148590587024
Note,1,1,1,0,8.0,5000,0,0,1024.0,19990,realme,128.0,33.0,0,0,dimensity,2,1,64.0,16.0,8,2631.8054639353572,387.03021528461136
Other,1,1,1,0,8.0,5000,0,0,256.0,19990,realme,128.0,33.0,0,0,snapdragon,3,1,64.0,16.0,8,2642.7531099215453,400.4171378669008
Narzo,1,1,1,0,8.0,5000,0,0,2048.0,19783,realme,256.0,67.0,0,0,dimensity,3,1,50.0,16.0,8,2631.8054639353572,394.57353282389164
Gt,1,1,1,0,8.0,5000,0,0,0.0,18999,realme,128.0,80.0,0,0,dimensity,3,1,50.0,16.0,8,2642.7531099215453,394.44076267485747
Other,1,1,0,0,8.0,4500,0,0,256.0,18999,realme,128.0,50.0,0,1,snapdragon,4,1,108.0,16.0,8,2631.8054639353572,411.2196037398995
Narzo,1,1,1,0,8.0,5000,0,0,1024.0,18990,realme,128.0,67.0,0,0,dimensity,3,1,50.0,32.0,8,2631.8054639353572,394.57353282389164
Other,1,1,1,0,8.0,4500,0,0,1024.0,20499,realme,128.0,57.0,0,0,dimensity,3,1,64.0,16.0,8,2686.6335812685734,405.8358884091501
Other,1,1,1,0,6.0,5000,0,0,1024.0,20500,realme,128.0,30.0,0,0,snapdragon,3,1,48.0,16.0,8,2642.7531099215453,400.4171378669008
Other,1,1,1,0,8.0,5000,0,0,2048.0,20599,realme,256.0,67.0,0,0,dimensity,3,1,50.0,16.0,8,2631.8054639353572,394.57353282389164
X,1,1,0,0,8.0,4200,0,0,0.0,30049,realme,256.0,30.0,0,0,snapdragon,4,2,64.0,32.0,8,2631.8054639353572,400.5792182550011
Gt,1,1,1,1,8.0,5000,0,0,0.0,29999,realme,128.0,100.0,0,0,snapdragon,3,1,50.0,32.0,8,3036.706110245112,450.549867988889
Gt,1,1,1,1,8.0,5000,0,0,0.0,29999,realme,128.0,120.0,0,0,snapdragon,3,1,50.0,16.0,8,2631.8054639353572,391.0557895892061
X,1,1,1,0,8.0,4500,0,0,0.0,29999,realme,128.0,65.0,0,0,dimensity,4,1,64.0,32.0,8,2631.8054639353572,401.8023609061614
Other,1,1,1,0,12.0,5000,0,0,0.0,29996,realme,256.0,100.0,0,0,dimensity,3,1,200.0,32.0,8,2642.7531099215453,394.44076267485747
Other,1,1,1,0,8.0,5000,0,0,0.0,29990,realme,128.0,80.0,0,0,snapdragon,3,1,50.0,32.0,8,2642.7531099215453,392.09986794088206
Gt,1,1,1,1,8.0,5500,0,0,0.0,29990,realme,256.0,120.0,0,0,snapdragon,3,1,64.0,32.0,8,3053.8657468854126,449.09790395373716
Gt,1,1,1,1,8.0,5500,0,0,0.0,29990,realme,128.0,100.0,0,0,snapdragon,3,1,64.0,16.0,8,3036.706110245112,450.549867988889
Other,1,1,1,0,12.0,5000,0,0,0.0,29990,realme,512.0,67.0,0,0,snapdragon,3,1,50.0,16.0,8,2642.7531099215453,394.44076267485747
X,1,1,1,0,8.0,5000,0,0,0.0,29990,realme,128.0,67.0,0,0,dimensity,4,1,108.0,32.0,8,2631.8054639353572,394.57353282389164
X,1,1,1,0,6.0,5000,0,0,0.0,29990,realme,128.0,15.0,0,0,dimensity,4,1,64.0,32.0,8,2631.8054639353572,401.8023609061614
Other,1,1,1,0,8.0,5000,0,0,0.0,28979,realme,256.0,67.0,0,0,snapdragon,3,1,64.0,32.0,8,2642.7531099215453,394.44076267485747
Other,1,1,1,0,8.0,5000,0,0,0.0,28339,realme,256.0,100.0,0,0,dimensity,3,1,200.0,32.0,8,2642.7531099215453,394.44076267485747
Gt,1,1,1,1,8.0,5000,0,0,0.0,30999,realme,256.0,150.0,0,0,snapdragon,3,1,50.0,16.0,8,3036.706110245112,450.549867988889
Gt,1,1,1,0,12.0,5000,0,0,0.0,30999,realme,256.0,65.0,0,0,snapdragon,3,1,50.0,16.0,8,2631.8054639353572,397.5536954585132
Other,1,1,1,0,12.0,5000,0,0,0.0,31089,realme,256.0,67.0,0,0,snapdragon,3,1,64.0,32.0,8,2642.7531099215453,394.44076267485747
Gt,1,1,1,1,16.0,4600,0,0,0.0,39999,realme,256.0,240.0,0,0,snapdragon,3,1,50.0,16.0,8,3036.706110245112,450.549867988889
Gt,1,1,1,1,8.0,5200,0,0,0.0,39999,realme,256.0,150.0,0,0,snapdragon,3,1,50.0,16.0,8,3036.706110245112,450.549867988889
Flash,1,1,1,0,12.0,5000,0,0,0.0,39999,realme,256.0,65.0,0,0,snapdragon,3,1,64.0,16.0,8,2631.8054639353572,409.3010052776606
X,1,1,1,0,8.0,4200,0,0,0.0,39999,realme,128.0,65.0,0,0,snapdragon,4,2,64.0,32.0,8,2631.8054639353572,400.5792182550011
Race,1,1,1,0,8.0,5000,0,0,0.0,38999,realme,128.0,125.0,0,1,snapdragon,3,1,64.0,32.0,8,3509.073951913809,516.0402870461485
Gt,1,1,1,0,12.0,5400,0,0,0.0,38990,realme,256.0,100.0,0,0,snapdragon,3,1,50.0,32.0,8,3053.8657468854126,450.42267653177174
Gt,1,1,1,0,8.0,5000,0,0,0.0,36999,realme,128.0,100.0,0,0,snapdragon,3,1,50.0,16.0,8,2642.7531099215453,394.44076267485747
Gt,1,1,1,0,8.0,5000,0,0,0.0,36990,realme,128.0,65.0,0,0,snapdragon,3,1,50.0,32.0,8,2631.8054639353572,392.8067856619936
Gt,1,1,1,1,12.0,5000,0,0,0.0,35999,realme,512.0,100.0,0,0,snapdragon,3,1,50.0,32.0,8,3036.706110245112,450.549867988889
Gt,1,1,1,0,8.0,5000,0,0,0.0,34999,realme,128.0,65.0,0,0,snapdragon,3,1,64.0,16.0,8,2631.8054639353572,397.5536954585132
X,1,1,0,0,12.0,4200,0,0,0.0,34999,realme,256.0,30.0,0,0,snapdragon,4,2,64.0,32.0,8,2631.8054639353572,400.5792182550011
Other,1,1,1,0,8.0,5000,0,0,0.0,34990,realme,256.0,80.0,0,0,snapdragon,3,1,200.0,32.0,8,2642.7531099215453,392.09986794088206
Gt,1,1,1,0,8.0,5000,0,0,0.0,34990,realme,128.0,15.0,0,0,snapdragon,3,1,64.0,16.0,8,2631.8054639353572,397.5536954585132
Other,1,1,1,0,8.0,5000,0,0,0.0,33999,realme,256.0,67.0,0,0,snapdragon,3,1,200.0,32.0,8,2642.7531099215453,392.6824829006753
Gt,1,1,1,0,8.0,5000,0,0,0.0,33999,realme,256.0,80.0,0,0,snapdragon,3,1,64.0,16.0,8,2631.8054639353572,397.5536954585132
Gt,1,1,1,1,12.0,5000,0,0,0.0,33999,realme,256.0,100.0,0,0,snapdragon,3,1,50.0,32.0,8,3036.706110245112,450.549867988889
Gt,1,1,1,1,12.0,5240,0,0,0.0,33990,realme,256.0,150.0,0,0,snapdragon,3,1,50.0,16.0,8,3036.706110245112,450.549867988889
Gt,1,1,1,0,8.0,5000,0,0,0.0,40990,realme,128.0,100.0,0,0,snapdragon,3,1,50.0,16.0,8,2642.7531099215453,394.44076267485747
Gt,1,1,1,1,24.0,4600,0,0,0.0,42990,realme,1024.0,240.0,0,0,snapdragon,3,1,50.0,16.0,8,3036.706110245112,450.549867988889
Gt,1,1,1,0,8.0,4600,0,0,0.0,44990,realme,128.0,240.0,0,0,snapdragon,3,1,50.0,16.0,8,3036.706110245112,450.549867988889
Gt,1,1,1,0,8.0,4500,0,0,0.0,44999,realme,258.0,65.0,0,0,snapdragon,3,1,50.0,32.0,8,2686.6335812685734,400.9900867565035
Gt,1,1,1,1,12.0,5500,0,0,0.0,49990,realme,256.0,150.0,0,0,snapdragon,3,1,50.0,32.0,8,3036.706110245112,447.89175667332034
Gt,1,1,1,0,12.0,5500,0,0,0.0,49990,realme,512.0,120.0,0,0,snapdragon,3,1,50.0,50.0,8,4250.517145007181,626.9199328919146
Gt,1,1,1,1,8.0,5050,0,0,0.0,49990,realme,256.0,150.0,0,0,snapdragon,3,1,50.0,50.0,8,3036.706110245112,447.89175667332034
Gt,1,1,1,0,8.0,5000,0,0,0.0,49990,realme,128.0,65.0,0,0,snapdragon,3,1,50.0,32.0,8,3523.670813228727,525.9210168998101
Gt,1,1,1,1,8.0,5200,0,0,0.0,49999,realme,256.0,150.0,0,0,snapdragon,3,1,108.0,16.0,8,3036.706110245112,450.549867988889
A,1,1,1,0,6.0,5000,0,0,1024.0,14990,oppo,128.0,67.0,1,0,dimensity,3,1,13.0,8.0,8,1754.5369759569046,269.92876553183146
A,1,1,1,0,4.0,5000,0,0,1024.0,13999,oppo,128.0,33.0,0,0,dimensity,2,1,13.0,8.0,8,1765.4869016789673,269.1291008656963
A,1,1,1,0,8.0,5000,0,0,1024.0,13999,oppo,128.0,33.0,0,0,dimensity,2,1,50.0,8.0,8,1765.4869016789673,269.1291008656963
A,1,1,0,0,8.0,5000,0,0,1024.0,13999,oppo,128.0,67.0,0,0,snapdragon,2,1,50.0,8.0,8,2631.8054639353572,409.3010052776606
A,1,1,0,0,8.0,5000,0,0,1024.0,13999,oppo,128.0,33.0,0,0,snapdragon,2,1,50.0,8.0,8,1754.5369759569046,267.45990487147935
A,1,1,1,0,6.0,5000,0,0,1024.0,15499,oppo,128.0,33.0,0,0,dimensity,2,1,13.0,8.0,8,1765.4869016789673,269.1291008656963
A,1,1,1,0,4.0,5000,0,0,1024.0,15990,oppo,256.0,44.0,0,0,dimensity,2,1,50.0,16.0,8,2631.8054639353572,394.57353282389164
Reno,1,1,0,0,8.0,5000,0,0,1024.0,19999,oppo,256.0,33.0,0,0,helio,3,1,100.0,32.0,8,2631.8054639353572,409.3010052776606
A,1,1,1,0,12.0,5000,0,0,1024.0,19999,oppo,256.0,33.0,0,0,dimensity,2,1,50.0,8.0,8,2631.8054639353572,391.6377178475234
F,1,1,0,0,8.0,4500,0,0,512.0,19990,oppo,128.0,33.0,0,0,snapdragon,3,1,64.0,32.0,8,2631.8054639353572,409.3010052776606
F,1,1,1,0,8.0,5000,0,0,256.0,19990,oppo,128.0,67.0,0,0,snapdragon,3,1,64.0,32.0,8,2631.8054639353572,391.6377178475234
K,1,1,0,0,8.0,4000,0,0,256.0,19990,oppo,128.0,30.0,1,0,snapdragon,4,1,64.0,32.0,8,2577.2077913897438,402.68871740464743
K,1,1,0,0,6.0,5000,0,0,1024.0,18999,oppo,128.0,33.0,0,0,snapdragon,3,1,50.0,16.0,8,2642.7531099215453,401.0247511261829
A,1,1,1,0,6.0,5000,0,0,1024.0,18990,oppo,128.0,33.0,0,0,dimensity,2,1,50.0,8.0,8,1765.4869016789673,269.1291008656963
A,1,1,1,0,4.0,5000,0,0,1024.0,18990,oppo,64.0,67.0,0,1,snapdragon,4,1,48.0,16.0,8,2631.8054639353572,404.89314829774725
F,1,1,0,0,6.0,4000,0,0,256.0,18990,oppo,128.0,30.0,1,0,snapdragon,4,1,16.0,16.0,8,2631.8054639353572,408.66544471045916
F,1,1,1,0,8.0,5000,0,0,1024.0,20699,oppo,256.0,67.0,0,0,snapdragon,3,1,64.0,32.0,8,2631.8054639353572,391.6377178475234
A,1,1,1,0,8.0,4800,0,0,1024.0,20990,oppo,128.0,67.0,0,0,snapdragon,2,1,108.0,16.0,8,2642.7531099215453,394.44076267485747
F,1,1,1,0,8.0,5000,0,0,1024.0,20999,oppo,256.0,67.0,0,0,dimensity,3,1,64.0,32.0,8,2642.7531099215453,394.44076267485747
A,1,1,1,0,8.0,5000,0,0,1024.0,20999,oppo,256.0,67.0,0,0,dimensity,2,1,64.0,8.0,8,2642.7531099215453,394.44076267485747
Reno,1,1,1,0,8.0,5000,0,0,2048.0,29999,oppo,256.0,67.0,0,0,dimensity,3,1,50.0,32.0,8,2642.7531099215453,394.44076267485747
F,1,1,1,0,8.0,5100,0,0,1024.0,29999,oppo,128.0,67.0,0,0,snapdragon,3,1,64.0,32.0,8,2631.8054639353572,394.57353282389164
Reno,1,1,1,0,8.0,4310,0,0,256.0,29990,oppo,128.0,30.0,0,0,dimensity,4,1,48.0,16.0,8,2631.8054639353572,409.3010052776606
Reno,1,1,1,0,8.0,4300,0,0,0.0,29990,oppo,128.0,65.0,0,1,snapdragon,4,1,64.0,32.0,8,2631.8054639353572,409.3010052776606
K,1,1,1,0,8.0,5000,0,0,0.0,29990,oppo,128.0,80.0,0,0,snapdragon,3,1,50.0,16.0,8,2631.8054639353572,397.5536954585132
K,1,1,1,0,8.0,5000,0,0,0.0,29990,oppo,128.0,80.0,0,0,snapdragon,3,1,50.0,16.0,8,2631.8054639353572,397.5536954585132
F,1,1,1,0,8.0,4200,0,0,256.0,29990,oppo,128.0,65.0,0,0,dimensity,4,1,50.0,16.0,8,2686.6335812685734,417.82792865763196
Reno,1,1,1,0,8.0,4350,0,0,0.0,28900,oppo,128.0,65.0,0,0,dimensity,4,1,64.0,32.0,8,2631.8054639353572,403.03299600847737
Reno,1,1,1,0,12.0,4600,0,0,0.0,30200,oppo,256.0,80.0,0,0,snapdragon,3,1,50.0,32.0,8,2642.7531099215453,394.44076267485747
Reno,1,1,1,0,12.0,4500,0,0,1024.0,30900,oppo,256.0,65.0,0,0,dimensity,3,1,50.0,32.0,8,2631.8054639353572,401.8023609061614
Reno,1,1,1,0,16.0,4500,0,0,0.0,39999,oppo,256.0,67.0,0,0,dimensity,2,1,50.0,32.0,8,2642.7531099215453,394.44076267485747
Reno,1,1,1,0,8.0,4800,0,0,1024.0,38999,oppo,128.0,67.0,0,0,snapdragon,3,1,108.0,32.0,8,2642.7531099215453,394.44076267485747
F,1,1,1,0,8.0,5000,0,0,1024.0,36990,oppo,256.0,80.0,0,0,snapdragon,3,1,50.0,50.0,8,2642.7531099215453,389.78659438370875
Reno,1,1,1,0,8.0,5000,0,0,1024.0,35999,oppo,128.0,68.0,0,0,snapdragon,3,1,108.0,32.0,8,2642.7531099215453,388.64016322375664
Reno,1,1,1,0,12.0,4600,0,0,0.0,35990,oppo,256.0,80.0,0,0,dimensity,3,1,50.0,32.0,8,2642.7531099215453,394.44076267485747
Reno,1,1,1,0,12.0,5500,0,0,0.0,34990,oppo,256.0,100.0,0,0,dimensity,3,1,50.0,32.0,8,2937.724289309669,433.2926680397742
Reno,1,1,1,0,8.0,4500,0,0,0.0,42990,oppo,256.0,80.0,0,0,dimensity,3,1,50.0,32.0,8,2642.7531099215453,394.44076267485747
Reno,1,1,1,0,8.0,4500,0,0,0.0,42990,oppo,256.0,80.0,0,0,dimensity,3,1,50.0,32.0,8,2642.7531099215453,394.44076267485747
Reno,1,1,1,0,12.0,5000,0,0,0.0,44990,oppo,256.0,120.0,0,0,dimensity,3,1,50.0,32.0,8,3036.706110245112,450.549867988889
Reno,1,1,1,0,12.0,4500,0,0,0.0,44990,oppo,512.0,65.0,0,0,dimensity,3,1,50.0,32.0,8,2631.8054639353572,401.8023609061614
Reno,1,1,1,0,8.0,4500,0,0,0.0,44990,oppo,128.0,65.0,0,0,snapdragon,4,1,50.0,32.0,8,2631.8054639353572,401.8023609061614
Reno,1,1,1,0,12.0,4000,0,0,0.0,44999,oppo,256.0,65.0,0,0,snapdragon,3,1,48.0,32.0,8,2631.8054639353572,404.89314829774725
Reno,1,1,1,0,16.0,4700,0,0,0.0,45999,oppo,256.0,80.0,0,0,snapdragon,3,1,50.0,32.0,8,2642.7531099215453,394.44076267485747
Find,0,1,1,0,12.0,4200,0,0,0.0,47990,oppo,256.0,65.0,0,0,snapdragon,3,1,48.0,32.0,8,3479.9172403952366,519.3906328948115
Find,1,1,1,0,12.0,5000,0,0,0.0,47999,oppo,256.0,100.0,0,0,dimensity,3,1,64.0,32.0,8,3053.8657468854126,450.42267653177174
Reno,1,1,1,0,12.0,5000,0,0,0.0,49999,oppo,256.0,120.0,0,0,dimensity,3,1,64.0,50.0,8,3509.073951913809,517.5625297807978
Reno,1,1,1,0,12.0,4700,0,0,0.0,49499,oppo,256.0,100.0,0,0,snapdragon,3,1,64.0,32.0,8,3036.706110245112,450.549867988889
Find,1,1,1,0,12.0,4500,0,0,0.0,50990,oppo,256.0,65.0,0,0,snapdragon,4,1,50.0,32.0,8,3523.670813228727,525.9210168998101
Find,1,1,1,0,12.0,4880,0,0,0.0,54990,oppo,256.0,80.0,0,0,dimensity,3,1,50.0,32.0,8,3036.706110245112,450.549867988889
Find,1,1,1,0,12.0,5000,0,0,0.0,69990,oppo,256.0,100.0,0,0,snapdragon,4,1,50.0,32.0,8,3479.9172403952366,510.2517947793602
Find,1,1,1,0,12.0,5000,0,0,0.0,71990,oppo,256.0,100.0,0,0,snapdragon,3,1,50.0,32.0,8,3479.9172403952366,510.2517947793602
Find,1,1,1,0,8.0,4500,0,0,0.0,78990,oppo,256.0,80.0,0,0,snapdragon,4,1,50.0,32.0,8,3523.670813228727,525.9210168998101
Find,1,1,1,0,12.0,5000,0,0,0.0,79990,oppo,256.0,100.0,0,0,snapdragon,4,1,50.0,32.0,8,3479.9172403952366,509.50472040925865
Find,1,1,1,0,8.0,5000,0,0,0.0,79990,oppo,256.0,80.0,0,0,snapdragon,3,1,50.0,32.0,8,3523.670813228727,525.9210168998101
Find,1,1,1,0,8.0,4800,0,0,0.0,84990,oppo,256.0,80.0,0,0,snapdragon,3,1,50.0,32.0,8,2631.8054639353572,401.8023609061614
Find,1,1,1,0,12.0,4300,1,1,0.0,84999,oppo,256.0,44.0,0,0,dimensity,3,1,50.0,32.0,8,2741.678318111007,403.187987957501
Find,0,1,1,0,8.0,4300,1,1,0.0,89990,oppo,128.0,44.0,0,0,dimensity,2,1,50.0,32.0,8,2683.281572999748,394.6002313234923
Find,1,1,1,0,8.0,4300,1,1,0.0,89999,oppo,256.0,44.0,0,0,dimensity,2,1,50.0,32.0,8,2741.678318111007,403.187987957501
Find,1,1,1,0,12.0,4520,1,1,0.0,94990,oppo,256.0,67.0,0,0,snapdragon,3,2,50.0,32.0,8,2626.3404196714487,369.90710136217587
Find,0,1,1,0,12.0,5000,1,1,0.0,99990,oppo,256.0,80.0,0,0,snapdragon,2,1,108.0,32.0,8,3847.076812334269,563.2616123476236
Find,1,1,1,0,8.0,5000,1,1,0.0,99990,oppo,256.0,67.0,0,0,snapdragon,3,1,64.0,32.0,8,2626.3404196714487,369.90710136217587
X,0,1,0,0,8.0,4000,0,1,0.0,134999,oppo,256.0,45.0,0,0,snapdragon,3,1,64.0,16.0,8,3509.073951913809,474.1991826910553
Find,0,1,1,0,12.0,4260,0,0,0.0,129990,oppo,512.0,65.0,0,0,snapdragon,3,1,48.0,32.0,8,3479.9172403952366,519.3906328948115
Find,1,1,1,0,12.0,4820,1,1,0.0,119900,oppo,256.0,120.0,0,0,snapdragon,3,2,108.0,32.0,8,2626.3404196714487,347.3995264115673
Find,1,1,1,0,12.0,4805,1,1,0.0,114990,oppo,512.0,67.0,0,0,snapdragon,3,2,64.0,32.0,8,3331.279634014533,425.9948381092753
Z,1,1,1,0,4.0,5000,0,0,1024.0,10990,iqoo,128.0,15.0,1,0,dimensity,2,1,13.0,5.0,8,1754.5369759569046,269.5141284111989
Z,1,1,1,0,6.0,5000,0,0,1024.0,11999,iqoo,128.0,18.0,0,0,snapdragon,2,1,50.0,8.0,8,2639.102877873464,401.07946472241093
Z,1,1,1,0,4.0,5000,0,0,1024.0,12899,iqoo,64.0,18.0,0,0,snapdragon,2,1,50.0,8.0,8,2639.102877873464,401.07946472241093
Z,1,1,0,0,4.0,5000,0,0,1024.0,12990,iqoo,64.0,18.0,0,0,snapdragon,2,1,50.0,8.0,8,2639.102877873464,401.07946472241093
Z,1,1,1,0,8.0,6000,0,0,1024.0,13499,iqoo,128.0,44.0,0,0,snapdragon,2,1,50.0,8.0,8,2639.102877873464,392.7236425406941
Z,1,1,1,0,4.0,5000,0,0,1024.0,13990,iqoo,128.0,18.0,0,0,snapdragon,3,1,50.0,16.0,8,2639.102877873464,401.07946472241093
U,1,1,1,0,6.0,5000,0,0,0.0,13990,iqoo,128.0,18.0,1,0,snapdragon,3,1,13.0,8.0,8,2631.8054639353572,404.2711926167984
Z,1,1,0,0,6.0,5000,0,0,1024.0,14990,iqoo,64.0,33.0,0,0,snapdragon,2,1,50.0,8.0,8,2639.102877873464,399.8640724050703
Z,1,1,1,0,8.0,6000,0,0,1024.0,15990,iqoo,128.0,80.0,0,1,snapdragon,2,1,50.0,8.0,8,2620.867032109794,394.70889037798105
Z,1,1,1,0,6.0,6000,0,0,0.0,15990,iqoo,128.0,44.0,1,0,dimensity,2,1,50.0,8.0,8,2639.102877873464,401.07946472241093
U,1,1,1,0,4.0,5000,0,0,0.0,15990,iqoo,128.0,18.0,1,0,dimensity,2,1,13.0,8.0,8,1754.5369759569046,269.5141284111989
Z,1,1,1,0,8.0,4500,0,0,1024.0,15999,iqoo,128.0,44.0,0,0,snapdragon,2,1,64.0,16.0,8,2620.867032109794,410.7942056598423
Z,1,1,1,0,6.0,4500,0,0,1024.0,17990,iqoo,128.0,44.0,0,0,snapdragon,2,1,64.0,16.0,8,2620.867032109794,410.7942056598423
Z,1,1,1,0,8.0,5000,0,0,1024.0,17999,iqoo,128.0,18.0,0,0,snapdragon,3,1,50.0,16.0,8,2639.102877873464,401.07946472241093
Z,1,1,1,0,8.0,5000,0,0,0.0,18990,iqoo,128.0,120.0,0,0,snapdragon,2,1,64.0,16.0,8,2620.867032109794,394.70889037798105
U,1,1,1,0,4.0,5000,0,0,512.0,18990,iqoo,128.0,18.0,0,0,dimensity,2,1,13.0,5.0,8,1754.5369759569046,269.5141284111989
Z,1,1,1,0,8.0,5000,0,0,0.0,19499,iqoo,256.0,120.0,0,0,dimensity,2,1,64.0,16.0,8,2620.867032109794,394.70889037798105
Z,1,1,1,0,8.0,6000,0,0,1024.0,19990,iqoo,128.0,67.0,0,0,snapdragon,2,1,64.0,16.0,8,2620.867032109794,394.70889037798105
Z,1,1,1,0,8.0,5000,0,0,1024.0,19999,iqoo,128.0,44.0,0,0,dimensity,2,1,50.0,16.0,8,2631.8054639353572,394.57353282389164
Z,1,1,1,0,8.0,4500,0,0,0.0,19990,iqoo,128.0,80.0,0,0,snapdragon,3,1,64.0,8.0,8,2620.867032109794,394.70889037798105
Z,1,1,1,0,6.0,5000,0,0,0.0,19990,iqoo,128.0,33.0,0,0,snapdragon,3,1,50.0,8.0,8,2631.8054639353572,408.66544471045916
Z,1,1,1,0,8.0,5000,0,0,1024.0,21838,iqoo,256.0,44.0,0,0,dimensity,2,1,50.0,16.0,8,2631.8054639353572,394.57353282389164
Z,1,1,1,0,8.0,4600,0,0,0.0,22486,iqoo,128.0,66.0,0,0,dimensity,2,1,64.0,16.0,8,2631.8054639353572,388.1718973355984
Neo,1,1,1,0,8.0,4700,0,0,0.0,22990,iqoo,128.0,80.0,0,0,snapdragon,3,1,64.0,16.0,8,2631.8054639353572,397.5536954585132
Z,1,1,1,0,6.0,4500,0,0,0.0,22999,iqoo,128.0,80.0,0,0,dimensity,3,1,50.0,16.0,8,2642.7531099215453,410.36538973937036
Neo,1,1,1,0,8.0,5000,0,0,0.0,29999,iqoo,128.0,120.0,0,0,snapdragon,3,1,50.0,16.0,8,2631.8054639353572,388.1718973355984
Other,1,1,1,0,12.0,6000,0,0,0.0,29990,iqoo,256.0,80.0,0,0,snapdragon,2,1,50.0,16.0,8,3070.439707924583,452.8672135581981
Neo,1,1,1,0,8.0,5000,0,0,0.0,29990,iqoo,128.0,150.0,0,0,snapdragon,3,1,50.0,32.0,8,2631.8054639353572,385.8952293160348
Z,1,1,1,0,8.0,4500,0,0,1024.0,29990,iqoo,128.0,65.0,0,0,snapdragon,4,1,64.0,16.0,8,2686.6335812685734,408.92444159339016
Neo,1,1,1,0,12.0,4880,0,0,0.0,28999,iqoo,256.0,120.0,0,0,snapdragon,2,1,50.0,16.0,8,3070.439707924583,452.8672135581981
Neo,1,1,1,0,12.0,5160,0,0,0.0,26990,iqoo,256.0,120.0,0,0,snapdragon,2,1,50.0,16.0,8,3070.439707924583,452.8672135581981
Neo,1,1,1,0,8.0,4400,0,0,0.0,25999,iqoo,128.0,66.0,0,0,snapdragon,3,1,48.0,16.0,8,2631.8054639353572,397.5536954585132
Z,1,1,1,0,8.0,5000,0,0,0.0,25990,iqoo,128.0,120.0,0,0,snapdragon,3,1,108.0,32.0,8,2642.7531099215453,396.2148590587024
Neo,1,1,1,0,12.0,5160,0,0,0.0,30990,iqoo,256.0,150.0,0,0,snapdragon,2,1,64.0,32.0,8,3070.439707924583,451.5352511653799
Neo,1,1,1,0,8.0,5000,0,0,0.0,32990,iqoo,256.0,120.0,0,0,snapdragon,3,1,50.0,16.0,8,2631.8054639353572,388.1718973355984
Neo,1,1,1,0,8.0,5000,0,0,0.0,33990,iqoo,128.0,120.0,0,0,dimensity,3,1,50.0,16.0,8,2631.8054639353572,388.1718973355984
Neo,1,1,1,0,8.0,5160,0,0,0.0,34999,iqoo,128.0,120.0,0,0,snapdragon,2,1,50.0,16.0,8,3070.439707924583,452.8672135581981
Neo,1,1,1,0,8.0,5160,0,0,0.0,36999,iqoo,256.0,120.0,0,0,snapdragon,2,1,50.0,16.0,8,3070.439707924583,452.8672135581981
Other,1,1,1,0,8.0,5000,0,0,0.0,37990,iqoo,128.0,15.0,0,0,snapdragon,3,1,64.0,16.0,8,2631.8054639353572,397.5536954585132
Neo,1,1,1,0,16.0,4880,0,0,0.0,38990,iqoo,256.0,120.0,0,0,dimensity,2,1,50.0,16.0,8,3070.439707924583,452.8672135581981
Neo,1,1,1,0,8.0,5000,0,0,0.0,39990,iqoo,256.0,120.0,0,0,dimensity,2,1,50.0,16.0,8,3070.439707924583,452.8672135581981
Other,1,1,1,0,8.0,4200,0,0,0.0,39990,iqoo,128.0,66.0,0,0,snapdragon,3,1,50.0,16.0,8,2631.8054639353572,397.5536954585132
Neo,1,1,1,0,12.0,5160,0,0,0.0,38999,iqoo,256.0,120.0,0,0,snapdragon,2,1,50.0,16.0,8,3070.439707924583,452.8672135581981
Other,1,1,1,0,8.0,4350,0,0,0.0,42990,iqoo,128.0,120.0,0,0,snapdragon,3,1,48.0,16.0,8,2609.9379302964276,397.85639181347983
Other,1,1,1,0,12.0,4700,0,0,0.0,43990,iqoo,256.0,200.0,0,0,snapdragon,3,1,50.0,16.0,8,3509.073951913809,517.5625297807978
Neo,1,1,1,0,12.0,5000,0,0,0.0,44990,iqoo,256.0,120.0,0,0,snapdragon,3,1,50.0,32.0,8,3070.439707924583,452.8672135581981
Other,1,1,1,0,16.0,5000,0,0,0.0,44999,iqoo,256.0,120.0,0,0,snapdragon,3,1,50.0,16.0,8,3509.073951913809,517.5625297807978
Other,1,1,1,0,12.0,4800,0,0,0.0,49990,iqoo,256.0,120.0,0,0,dimensity,3,1,50.0,16.0,8,2631.8054639353572,388.1718973355984
Other,1,1,1,0,12.0,4350,0,0,0.0,52652,iqoo,256.0,120.0,0,0,snapdragon,3,1,48.0,16.0,8,2609.9379302964276,397.85639181347983
Other,1,1,1,0,12.0,5000,0,0,0.0,52999,iqoo,256.0,120.0,0,0,snapdragon,3,1,64.0,16.0,8,3070.439707924583,452.8672135581981
Other,1,1,1,0,16.0,5000,0,0,0.0,57999,iqoo,512.0,120.0,0,0,snapdragon,3,1,64.0,16.0,8,3070.439707924583,452.8672135581981
Other,1,1,1,0,8.0,4700,0,0,0.0,58990,iqoo,256.0,200.0,0,0,snapdragon,3,1,50.0,16.0,8,3509.073951913809,517.5625297807978
Other,1,1,1,0,8.0,4700,0,0,0.0,58990,iqoo,256.0,200.0,0,0,snapdragon,3,1,50.0,16.0,8,3509.073951913809,517.5625297807978
Other,1,1,1,0,12.0,6000,0,0,0.0,64990,iqoo,256.0,120.0,0,0,snapdragon,3,1,108.0,32.0,8,3882.4734384152584,570.951976237538
Other,1,1,1,0,16.0,5100,0,0,0.0,64990,iqoo,256.0,120.0,0,0,snapdragon,3,1,64.0,16.0,8,3509.073951913809,517.5625297807978
Other,1,1,1,0,8.0,4700,0,0,0.0,64990,iqoo,256.0,120.0,0,0,snapdragon,3,1,50.0,16.0,8,3509.073951913809,517.5625297807978
Other,1,1,1,0,12.0,5000,0,0,0.0,72990,iqoo,512.0,250.0,0,0,snapdragon,3,1,200.0,60.0,8,3509.073951913809,516.0402870461485
Other,1,1,1,0,12.0,4700,0,0,0.0,76429,iqoo,256.0,120.0,0,0,snapdragon,3,1,50.0,16.0,8,3509.073951913809,517.5625297807978
C,1,1,0,0,6.0,5000,0,0,1024.0,6999,poco,128.0,18.0,0,0,helio,2,1,8.0,5.0,8,1800.2499826412998,268.2935890672578
C,1,1,0,0,4.0,5000,0,0,1024.0,6999,poco,64.0,10.0,1,0,helio,2,1,50.0,5.0,8,1800.2499826412998,268.2935890672578
C,1,1,0,0,3.0,5000,0,0,512.0,7299,poco,32.0,10.0,1,0,helio,2,1,8.0,5.0,4,1754.5369759569046,269.1007631835743
C,1,1,0,0,6.0,5000,0,0,1024.0,7499,poco,128.0,18.0,0,0,helio,3,1,50.0,8.0,8,1754.5369759569046,260.31705874731523
C,1,1,0,0,4.0,5000,0,0,512.0,7580,poco,64.0,67.0,1,0,helio,3,1,13.0,5.0,8,1754.5369759569046,268.68866400565156
C,1,1,0,0,3.0,5000,0,0,512.0,7890,poco,32.0,67.0,1,0,helio,3,1,13.0,5.0,8,1754.5369759569046,268.68866400565156
M,1,1,0,0,4.0,6000,0,0,512.0,7972,poco,64.0,18.0,1,0,snapdragon,3,1,48.0,8.0,8,2577.2077913897438,394.6719435512624
C,1,1,0,0,4.0,5000,0,0,1024.0,7990,poco,64.0,18.0,1,0,helio,2,1,50.0,8.0,8,1827.785545407338,271.5877482031706
C,1,1,0,0,8.0,5000,0,0,1024.0,7999,poco,256.0,18.0,0,0,helio,3,1,50.0,8.0,8,1754.5369759569046,260.31705874731523
C,1,1,0,0,6.0,5000,0,0,1024.0,7999,poco,128.0,10.0,1,0,helio,2,1,50.0,5.0,8,1800.2499826412998,268.2935890672578
C,1,1,0,0,3.0,5000,0,0,512.0,7999,poco,32.0,67.0,1,0,helio,1,1,13.0,5.0,8,1754.5369759569046,268.68866400565156
M,1,1,0,0,6.0,6000,0,0,512.0,8490,poco,64.0,18.0,1,0,snapdragon,3,1,48.0,8.0,8,2577.2077913897438,394.6719435512624
C,1,1,0,0,4.0,5000,0,0,512.0,8490,poco,64.0,67.0,1,0,helio,3,1,13.0,5.0,8,1754.5369759569046,268.68866400565156
C,1,1,0,0,4.0,5000,0,0,1024.0,8499,poco,64.0,10.0,1,0,helio,2,1,8.0,5.0,8,1754.5369759569046,269.1007631835743
M,1,1,0,0,4.0,5000,0,0,512.0,8689,poco,64.0,18.0,1,0,helio,4,1,13.0,8.0,8,2577.2077913897438,394.6719435512624
C,1,1,0,0,3.0,5000,0,0,512.0,8990,poco,64.0,18.0,0,0,helio,3,1,13.0,8.0,8,1754.5369759569046,266.6469568323563
M,1,1,0,0,4.0,5000,0,0,512.0,8999,poco,64.0,18.0,0,0,helio,3,1,50.0,8.0,8,2631.8054639353572,399.97043524853456
C,1,1,0,0,6.0,5000,0,0,1024.0,8999,poco,128.0,10.0,1,0,helio,2,1,8.0,5.0,8,1754.5369759569046,269.1007631835743
C,1,1,0,0,6.0,5000,0,0,1024.0,8999,poco,128.0,33.0,0,0,helio,2,1,50.0,13.0,8,1754.5369759569046,258.7812648903989
C,1,1,0,0,3.0,5000,0,0,1024.0,8999,poco,32.0,67.0,1,0,helio,1,1,13.0,8.0,8,1754.5369759569046,263.0490218825944
M,1,1,1,0,6.0,5000,0,0,1024.0,9999,poco,128.0,18.0,0,0,snapdragon,2,1,50.0,8.0,8,2686.6335812685734,395.6750487877133
M,1,1,1,0,6.0,5000,0,0,1024.0,9999,poco,128.0,18.0,0,0,dimensity,2,1,50.0,5.0,8,1800.2499826412998,267.0994039527151
M,1,1,1,0,4.0,5000,0,0,512.0,9990,poco,64.0,18.0,0,0,dimensity,2,1,50.0,8.0,8,2631.8054639353572,399.97043524853456
C,1,1,0,0,4.0,5000,0,0,1024.0,9990,poco,128.0,33.0,0,0,helio,2,1,50.0,13.0,8,1827.785545407338,269.5848887031472
C,1,1,0,0,4.0,5000,0,0,1024.0,9990,poco,128.0,33.0,0,0,helio,3,1,50.0,16.0,8,1754.5369759569046,258.7812648903989
M,1,1,0,0,6.0,5000,0,0,512.0,9990,poco,128.0,18.0,1,0,helio,4,1,13.0,8.0,8,2577.2077913897438,394.6719435512624
M,1,1,0,0,4.0,5000,0,0,512.0,9799,poco,64.0,33.0,0,1,snapdragon,4,1,48.0,16.0,8,2631.8054639353572,394.57353282389164
M,1,1,0,0,6.0,5000,0,0,512.0,9690,poco,64.0,18.0,1,0,helio,4,1,13.0,8.0,8,2577.2077913897438,394.6719435512624
M,1,1,1,0,4.0,5000,0,0,1024.0,9499,poco,128.0,18.0,0,0,snapdragon,2,1,50.0,8.0,8,2686.6335812685734,395.6750487877133
M,1,1,1,0,4.0,5000,0,0,1024.0,9249,poco,128.0,18.0,0,0,dimensity,2,1,50.0,5.0,8,1800.2499826412998,267.0994039527151
M,1,1,0,0,6.0,5000,0,0,1024.0,10330,poco,64.0,33.0,0,0,helio,3,1,64.0,16.0,8,2631.8054639353572,409.3010052776606
M,1,1,1,0,8.0,5000,0,0,1024.0,10499,poco,256.0,18.0,0,0,dimensity,2,1,50.0,5.0,8,1800.2499826412998,267.0994039527151
M,1,1,0,0,6.0,5000,0,0,512.0,10880,poco,64.0,33.0,0,1,snapdragon,4,1,48.0,16.0,8,2631.8054639353572,394.57353282389164
M,1,1,0,0,4.0,5000,0,0,1024.0,10999,poco,128.0,33.0,0,0,helio,3,1,64.0,8.0,8,2686.6335812685734,395.09317371596666
M,1,1,1,0,8.0,5000,0,0,1024.0,11499,poco,256.0,18.0,0,0,snapdragon,2,1,50.0,8.0,8,2686.6335812685734,395.6750487877133
M,1,1,0,0,6.0,5000,0,0,1024.0,11539,poco,128.0,33.0,0,0,helio,3,1,64.0,16.0,8,2631.8054639353572,409.3010052776606
M,1,1,0,0,6.0,5000,0,0,512.0,11990,poco,128.0,18.0,0,0,helio,3,1,50.0,8.0,8,2631.8054639353572,399.97043524853456
M,1,1,1,0,6.0,5000,0,0,512.0,12194,poco,128.0,18.0,0,0,dimensity,2,1,50.0,8.0,8,2631.8054639353572,399.97043524853456
M,1,1,0,0,8.0,5000,0,0,1024.0,12490,poco,128.0,33.0,0,0,helio,3,1,64.0,16.0,8,2631.8054639353572,409.3010052776606
M,1,1,1,0,6.0,5000,0,0,1024.0,12990,poco,128.0,33.0,0,0,dimensity,2,1,50.0,16.0,8,2686.6335812685734,396.2586403050993
M,1,1,0,0,8.0,5000,0,0,1024.0,12990,poco,256.0,67.0,0,0,helio,3,1,64.0,16.0,8,2631.8054639353572,394.57353282389164
M,1,1,0,0,6.0,5000,0,0,512.0,12999,poco,64.0,18.0,0,1,snapdragon,3,1,64.0,8.0,8,2577.2077913897438,394.6719435512624
M,1,1,0,0,6.0,5000,0,0,512.0,13267,poco,128.0,33.0,0,1,snapdragon,4,1,48.0,16.0,8,2631.8054639353572,394.57353282389164
X,1,1,0,0,6.0,6000,0,0,512.0,13290,poco,64.0,33.0,0,0,snapdragon,4,1,64.0,20.0,8,2631.8054639353572,394.57353282389164
M,1,1,1,0,4.0,5000,0,0,1024.0,13490,poco,64.0,18.0,0,0,dimensity,3,1,48.0,8.0,8,2631.8054639353572,404.89314829774725
X,1,1,1,0,6.0,5000,0,0,1024.0,13999,poco,128.0,33.0,0,0,snapdragon,3,1,48.0,13.0,8,2631.8054639353572,394.57353282389164
M,1,1,1,0,4.0,5000,0,0,1024.0,13999,poco,64.0,33.0,0,0,dimensity,2,1,50.0,16.0,8,2631.8054639353572,398.7584036265693
M,1,1,1,0,6.0,5000,0,0,1024.0,14499,poco,128.0,33.0,0,0,dimensity,2,1,50.0,16.0,8,2631.8054639353572,398.7584036265693
M,1,1,1,0,8.0,5000,0,0,1024.0,14899,poco,128.0,33.0,0,0,dimensity,2,1,50.0,16.0,8,2631.8054639353572,398.7584036265693
X,1,1,1,0,6.0,5000,0,0,1024.0,14950,poco,64.0,67.0,0,0,snapdragon,3,1,64.0,16.0,8,2631.8054639353572,394.57353282389164
M,1,1,0,0,4.0,5000,0,0,1024.0,14990,poco,64.0,33.0,0,1,helio,4,1,64.0,13.0,8,2631.8054639353572,409.3010052776606
X,1,1,1,0,6.0,5000,0,0,1024.0,14990,poco,128.0,67.0,0,0,dimensity,3,1,50.0,16.0,8,2631.8054639353572,394.57353282389164
X,1,1,1,0,8.0,5000,0,0,1024.0,14999,poco,128.0,33.0,0,0,dimensity,2,1,108.0,16.0,8,2631.8054639353572,394.57353282389164
X,1,1,0,0,8.0,6000,0,0,512.0,15590,poco,128.0,33.0,0,0,snapdragon,4,1,64.0,20.0,8,2631.8054639353572,394.57353282389164
X,1,1,0,0,6.0,4500,0,0,512.0,15990,poco,128.0,27.0,0,0,snapdragon,4,2,64.0,20.0,8,2631.8054639353572,394.57353282389164
X,1,1,1,0,8.0,5000,0,0,1024.0,15999,poco,256.0,33.0,0,0,snapdragon,3,1,48.0,13.0,8,2631.8054639353572,394.57353282389164
X,1,1,0,0,6.0,6000,0,0,512.0,15999,poco,128.0,33.0,0,0,snapdragon,4,1,64.0,20.0,8,2631.8054639353572,394.57353282389164
M,1,1,1,0,4.0,5000,0,0,1024.0,15999,poco,64.0,33.0,0,0,dimensity,2,1,50.0,16.0,8,2642.7531099215453,399.81136307436384
X,1,1,1,0,12.0,5000,0,0,1024.0,16999,poco,256.0,33.0,0,0,dimensity,2,1,108.0,16.0,8,2631.8054639353572,394.57353282389164
X,1,1,0,0,8.0,4500,0,0,512.0,16999,poco,256.0,27.0,0,0,snapdragon,4,2,64.0,20.0,8,2631.8054639353572,394.57353282389164
X,1,1,1,0,6.0,5000,0,0,1024.0,17945,poco,128.0,67.0,0,0,snapdragon,3,1,64.0,16.0,8,2631.8054639353572,394.57353282389164
X,1,1,1,0,8.0,5000,0,0,1024.0,17990,poco,256.0,67.0,0,0,dimensity,3,1,50.0,32.0,8,2631.8054639353572,391.6377178475234
X,1,1,1,0,6.0,5160,0,0,0.0,17990,poco,128.0,67.0,0,0,dimensity,3,1,108.0,16.0,8,2631.8054639353572,394.57353282389164
X,1,1,1,0,8.0,5100,0,0,0.0,19499,poco,256.0,67.0,0,0,snapdragon,3,1,64.0,16.0,8,2973.7760507476014,445.8434858692056
X,1,1,1,0,6.0,5000,0,0,0.0,19490,poco,128.0,67.0,0,0,snapdragon,3,1,108.0,16.0,8,2631.8054639353572,394.57353282389164
X,1,1,1,0,12.0,5100,0,0,0.0,20999,poco,256.0,67.0,0,0,snapdragon,3,1,64.0,16.0,8,2973.7760507476014,445.8434858692056
M,1,1,1,0,8.0,5000,0,0,1024.0,21990,poco,128.0,80.0,0,0,dimensity,3,1,50.0,32.0,8,2631.8054639353572,391.0557895892061
M,1,1,1,0,8.0,5000,0,0,1024.0,21990,poco,128.0,67.0,0,1,snapdragon,3,1,50.0,16.0,8,2631.8054639353572,391.0557895892061
X,1,1,1,0,12.0,5100,0,0,0.0,21999,poco,512.0,67.0,0,0,snapdragon,3,1,64.0,16.0,8,2973.7760507476014,445.8434858692056
X,1,1,1,0,8.0,5000,0,0,1024.0,21999,poco,128.0,67.0,0,0,snapdragon,3,1,64.0,16.0,8,2631.8054639353572,394.57353282389164
X,1,1,1,0,8.0,5000,0,0,0.0,22999,poco,256.0,67.0,0,0,snapdragon,3,1,108.0,16.0,8,2631.8054639353572,394.57353282389164
X,1,1,1,0,8.0,5000,0,0,0.0,24499,poco,256.0,67.0,0,0,dimensity,3,1,64.0,16.0,8,2973.7760507476014,445.8434858692056
X,1,1,1,0,8.0,5080,0,0,0.0,24990,poco,128.0,67.0,0,0,dimensity,3,1,64.0,16.0,8,2686.6335812685734,407.0656941316021
F,1,1,1,0,6.0,4500,0,0,0.0,25890,poco,128.0,67.0,0,0,snapdragon,3,1,64.0,20.0,8,2631.8054639353572,394.57353282389164
F,1,1,1,0,8.0,5065,0,0,0.0,25999,poco,256.0,67.0,0,0,dimensity,3,1,64.0,16.0,8,2631.8054639353572,394.57353282389164
X,1,1,1,0,12.0,5000,0,0,0.0,26499,poco,512.0,67.0,0,0,dimensity,3,1,64.0,16.0,8,2973.7760507476014,445.8434858692056
F,1,1,1,0,6.0,4200,0,0,0.0,27990,poco,128.0,44.0,0,0,snapdragon,3,1,64.0,16.0,8,2686.6335812685734,401.58947403117685
F,1,1,1,0,12.0,4500,0,0,0.0,27999,poco,256.0,67.0,0,0,snapdragon,3,1,64.0,20.0,8,2631.8054639353572,394.57353282389164
X,1,1,1,0,8.0,5080,0,0,0.0,28990,poco,256.0,67.0,0,0,dimensity,3,1,64.0,16.0,8,2686.6335812685734,407.0656941316021
F,1,1,1,0,8.0,5000,0,0,0.0,29999,poco,256.0,67.0,0,0,snapdragon,3,1,64.0,16.0,8,2631.8054639353572,394.57353282389164
F,1,1,1,0,8.0,4500,0,0,0.0,29999,poco,128.0,67.0,0,0,snapdragon,3,1,64.0,20.0,8,2631.8054639353572,394.57353282389164
X,1,1,1,0,8.0,5000,0,0,0.0,29990,poco,128.0,80.0,0,0,snapdragon,3,1,64.0,32.0,8,2631.8054639353572,392.8067856619936
X,1,1,1,1,8.0,5000,0,0,1024.0,31990,poco,128.0,66.0,0,0,snapdragon,3,1,50.0,32.0,8,2635.453661136921,389.28414492421285
X,1,1,1,0,8.0,5000,0,0,1024.0,32990,poco,128.0,100.0,0,0,snapdragon,4,1,108.0,32.0,8,2631.8054639353572,387.03021528461136
F,1,1,1,0,12.0,5000,0,0,0.0,33999,poco,256.0,67.0,0,0,snapdragon,3,1,64.0,16.0,8,2631.8054639353572,394.57353282389164
F,1,1,1,0,8.0,5000,0,0,0.0,34990,poco,128.0,120.0,0,0,snapdragon,3,1,50.0,32.0,8,2631.8054639353572,391.6377178475234
F,1,1,1,0,8.0,5160,0,0,0.0,36999,poco,256.0,67.0,0,0,snapdragon,3,1,64.0,16.0,8,3509.073951913809,526.0980437651888
F,1,1,1,0,8.0,4700,0,0,0.0,39999,poco,128.0,120.0,0,0,snapdragon,3,1,64.0,20.0,8,2631.8054639353572,394.57353282389164
F,1,1,1,0,8.0,5500,0,0,0.0,40990,poco,128.0,120.0,0,0,snapdragon,3,1,108.0,32.0,8,3509.073951913809,522.1836237966978
F,1,1,1,0,8.0,4500,0,0,0.0,42999,poco,128.0,150.0,0,0,dimensity,3,1,64.0,20.0,8,2642.7531099215453,396.2148590587024
X,1,1,1,0,12.0,5500,0,0,0.0,45990,poco,512.0,100.0,0,0,dimensity,3,1,50.0,32.0,8,3424.675167077894,513.4445527852914
F,1,1,1,0,12.0,4700,0,0,0.0,46990,poco,256.0,120.0,0,0,snapdragon,3,1,64.0,20.0,8,2631.8054639353572,394.57353282389164
Play,1,1,1,0,8.0,6000,0,0,0.0,14990,honor,256.0,35.0,0,0,dimensity,2,1,50.0,8.0,8,2642.7531099215453,388.64016322375664
X,1,1,1,0,6.0,5000,0,0,1024.0,14990,honor,128.0,22.5,1,0,snapdragon,3,1,48.0,8.0,8,1754.5369759569046,269.92876553183146
Play,1,1,1,0,8.0,5000,0,0,1024.0,14990,honor,128.0,18.0,1,0,dimensity,2,1,50.0,8.0,8,2683.281572999748,407.79355212762124
Play,1,1,1,0,6.0,5200,0,0,1024.0,14990,honor,128.0,66.0,0,0,snapdragon,2,1,13.0,5.0,8,1765.4869016789673,269.1291008656963
X,1,1,0,0,4.0,5000,0,0,1024.0,13999,honor,64.0,10.0,1,0,helio,3,1,50.0,5.0,8,1754.5369759569046,269.92876553183146
Play,1,1,1,0,8.0,6000,0,0,1024.0,13999,honor,256.0,35.0,0,0,dimensity,2,1,50.0,8.0,8,2642.7531099215453,388.64016322375664
X,1,1,0,0,6.0,5000,0,0,1024.0,13999,honor,128.0,22.5,0,0,helio,4,1,50.0,8.0,8,1754.5369759569046,259.93140384546734
Play,1,1,1,0,8.0,6000,0,0,0.0,13990,honor,128.0,22.5,0,0,dimensity,2,1,50.0,5.0,8,1754.5369759569046,260.31705874731523
Play,1,1,1,0,6.0,6000,0,0,1024.0,13990,honor,128.0,22.5,0,0,dimensity,2,1,50.0,5.0,8,1754.5369759569046,260.31705874731523
X,1,1,1,0,8.0,5800,0,0,0.0,15990,honor,128.0,33.0,0,0,snapdragon,2,1,108.0,8.0,8,2919.1615234515543,430.5547969692558
X,1,1,1,0,8.0,6000,0,0,1024.0,19990,honor,256.0,35.0,0,0,dimensity,3,1,108.0,8.0,8,2642.7531099215453,388.64016322375664
X,1,1,0,0,6.0,6000,0,0,1024.0,19990,honor,128.0,33.0,0,0,snapdragon,3,1,108.0,8.0,8,2642.7531099215453,388.64016322375664
Other,1,1,1,0,4.0,5000,0,0,0.0,19990,honor,128.0,22.5,0,0,snapdragon,3,1,50.0,8.0,8,1754.5369759569046,269.92876553183146
X,1,1,0,0,6.0,4500,0,0,0.0,18999,honor,128.0,22.5,0,0,helio,3,1,100.0,16.0,8,2620.867032109794,391.1741838969842
X,1,1,1,0,12.0,4800,0,0,0.0,20499,honor,256.0,66.0,0,0,snapdragon,3,1,50.0,16.0,8,2620.867032109794,384.8556581659022
Play,1,1,1,0,8.0,5000,0,0,0.0,20999,honor,128.0,44.0,0,0,dimensity,2,1,50.0,16.0,8,2620.867032109794,390.0099750163384
Other,1,1,1,0,8.0,4500,0,0,0.0,29990,honor,256.0,35.0,0,0,dimensity,3,1,108.0,50.0,8,2642.7531099215453,394.44076267485747
Other,1,1,1,0,12.0,5000,0,0,0.0,29990,honor,256.0,100.0,0,0,snapdragon,2,1,50.0,50.0,8,2921.7967075072147,436.08906082197234
Other,1,1,1,0,12.0,5000,0,0,0.0,29990,honor,256.0,100.0,0,0,snapdragon,2,1,50.0,16.0,8,2921.7967075072147,436.08906082197234
Other,1,1,1,1,8.0,4700,0,0,0.0,29990,honor,128.0,80.0,0,0,dimensity,3,1,50.0,16.0,8,2577.2077913897438,383.51306419490237
X,1,1,1,0,8.0,5100,0,0,0.0,27999,honor,256.0,40.0,0,0,snapdragon,3,1,64.0,16.0,8,2631.8054639353572,394.57353282389164
X,1,1,1,0,8.0,6000,0,0,0.0,27999,honor,128.0,33.0,0,0,dimensity,4,1,64.0,16.0,10,2631.8054639353572,365.5285366576885
Other,1,1,1,0,8.0,4600,0,0,0.0,27990,honor,256.0,66.0,0,1,dimensity,3,1,64.0,32.0,8,2631.8054639353572,394.57353282389164
Other,1,1,1,0,12.0,5000,0,0,0.0,27199,honor,512.0,66.0,0,0,snapdragon,3,1,200.0,50.0,8,2921.7967075072147,436.08906082197234
Other,1,1,1,0,8.0,4800,0,0,0.0,30990,honor,256.0,66.0,0,0,snapdragon,3,1,54.0,32.0,8,2631.8054639353572,394.57353282389164
Other,1,1,1,0,8.0,4800,0,0,0.0,30999,honor,256.0,66.0,0,0,snapdragon,3,1,160.0,32.0,8,2631.8054639353572,394.57353282389164
Magic,1,1,1,0,6.0,5100,0,0,0.0,31999,honor,128.0,40.0,0,0,snapdragon,3,1,64.0,16.0,8,2631.8054639353572,394.57353282389164
X,1,1,1,0,12.0,5800,0,0,0.0,32990,honor,256.0,33.0,0,0,snapdragon,2,1,108.0,8.0,8,2919.1615234515543,430.5547969692558
Other,1,1,1,0,6.0,4300,0,0,0.0,32990,honor,128.0,66.0,0,0,snapdragon,4,1,108.0,32.0,8,2577.2077913897438,392.2690702267494
Other,1,1,1,0,12.0,5000,0,0,0.0,34990,honor,256.0,100.0,0,0,snapdragon,2,1,50.0,50.0,8,2921.7967075072147,436.08906082197234
Other,1,1,1,0,12.0,5000,0,0,0.0,39990,honor,256.0,100.0,0,0,snapdragon,3,2,50.0,50.0,8,2964.4857901497858,437.2397920574905
Other,1,1,1,0,12.0,4800,0,0,0.0,39990,honor,256.0,66.0,0,0,snapdragon,3,1,160.0,32.0,8,2631.8054639353572,394.57353282389164
Other,1,1,1,0,12.0,4800,0,0,0.0,38999,honor,256.0,66.0,0,0,snapdragon,3,1,54.0,16.0,8,2631.8054639353572,394.57353282389164
Magic,1,1,1,0,8.0,5300,0,0,0.0,34999,honor,256.0,35.0,0,0,snapdragon,3,1,108.0,16.0,8,2910.8596668338378,429.330334341274
Other,1,1,1,0,8.0,4500,0,0,0.0,42999,honor,256.0,100.0,0,0,dimensity,3,1,54.0,50.0,8,2910.8596668338378,429.330334341274
Other,1,1,1,0,8.0,4800,0,0,0.0,43990,honor,256.0,66.0,0,0,snapdragon,3,2,160.0,50.0,8,2964.4857901497858,437.2397920574905
Other,1,1,1,0,12.0,5000,0,0,0.0,44990,honor,256.0,120.0,0,0,snapdragon,3,2,108.0,50.0,8,2964.4857901497858,435.95379266908617
V,1,1,1,0,8.0,4100,0,0,0.0,44990,honor,128.0,40.0,0,1,exynos,3,2,40.0,32.0,8,2631.8054639353572,400.5792182550011
Other,1,1,1,0,12.0,4800,0,0,0.0,44999,honor,256.0,66.0,0,0,snapdragon,3,1,64.0,32.0,8,2631.8054639353572,388.1718973355984
Other,1,1,1,0,8.0,4500,0,0,0.0,49990,honor,256.0,100.0,0,0,dimensity,3,1,54.0,50.0,8,2910.8596668338378,429.330334341274
Other,1,1,1,0,8.0,4400,0,0,256.0,49999,honor,128.0,66.0,0,0,snapdragon,3,2,50.0,32.0,8,2577.2077913897438,392.2690702267494
Magic,1,1,1,1,12.0,5450,0,0,0.0,51999,honor,256.0,66.0,0,0,snapdragon,3,1,50.0,50.0,8,3072.0833322030835,453.1096360181539
Other,1,1,1,0,12.0,4500,0,0,0.0,54990,honor,256.0,100.0,0,0,snapdragon,3,1,200.0,50.0,8,2910.8596668338378,429.330334341274
V,1,1,1,0,8.0,4100,0,0,0.0,54990,honor,128.0,40.0,0,1,snapdragon,3,2,40.0,32.0,8,2631.8054639353572,400.5792182550011
Other,1,1,1,0,12.0,5000,0,0,0.0,55990,honor,256.0,90.0,0,0,snapdragon,3,2,200.0,50.0,8,2964.4857901497858,437.2397920574905
Magic,1,1,1,0,8.0,5000,0,0,0.0,56999,honor,128.0,66.0,0,0,snapdragon,3,1,50.0,16.0,8,2620.867032109794,384.8556581659022
Magic,1,1,1,0,12.0,5400,0,0,0.0,66499,honor,256.0,8.0,0,0,snapdragon,3,2,180.0,50.0,8,3078.701024783017,452.75015070338486
V,1,1,1,0,16.0,4500,1,1,0.0,67990,honor,256.0,35.0,0,0,snapdragon,2,1,50.0,8.0,8,3094.7310060811424,401.39182958250876
Magic,1,1,1,0,16.0,5450,0,0,0.0,77990,honor,512.0,66.0,0,0,snapdragon,4,2,50.0,12.0,8,3135.673452386265,460.45131459416524
Magic,1,1,1,0,16.0,5600,0,0,0.0,79990,honor,512.0,80.0,0,0,snapdragon,3,2,180.0,50.0,8,3078.701024783017,452.75015070338486
Magic,1,1,1,0,12.0,5000,1,1,0.0,79999,honor,256.0,66.0,0,0,snapdragon,3,1,50.0,16.0,8,3184.7561916102777,402.11568075887345
Magic,1,1,1,1,12.0,5100,0,0,0.0,79999,honor,256.0,66.0,0,0,snapdragon,4,1,54.0,12.0,8,2953.5605631169983,438.8648682194648
Magic,1,1,1,0,8.0,4600,0,0,0.0,89990,honor,256.0,100.0,0,0,snapdragon,4,2,50.0,12.0,8,3135.673452386265,460.45131459416524
Magic,0,1,1,0,8.0,4500,1,1,0.0,89999,honor,256.0,67.0,0,0,snapdragon,3,1,50.0,32.0,8,2741.678318111007,403.78178469970646
Magic,1,1,1,0,12.0,4600,0,0,0.0,94990,honor,512.0,100.0,0,0,snapdragon,1,2,50.0,12.0,8,3135.673452386265,460.45131459416524
Magic,1,1,1,0,12.0,4600,0,0,0.0,94990,honor,512.0,120.0,0,0,snapdragon,4,2,50.0,13.0,8,3080.6362979098976,455.7154286848961
Magic,1,1,1,0,8.0,5000,1,1,0.0,99990,honor,256.0,35.0,0,0,snapdragon,3,1,50.0,16.0,8,3184.7561916102777,408.3020758474715
Magic,1,1,1,0,16.0,5000,1,1,0.0,102999,honor,256.0,66.0,0,0,snapdragon,3,1,50.0,16.0,8,3184.7561916102777,402.11568075887345
Magic,1,1,1,0,16.0,5000,1,1,0.0,187990,honor,1024.0,66.0,0,0,snapdragon,3,1,50.0,16.0,8,3184.7561916102777,402.11568075887345
Magic,1,1,1,0,16.0,5000,1,1,0.0,139999,honor,512.0,66.0,0,0,snapdragon,3,1,54.0,16.0,8,3016.3288945338836,381.8137841182131
Magic,1,1,1,0,8.0,5000,1,1,0.0,124999,honor,256.0,66.0,0,0,snapdragon,3,1,54.0,16.0,8,3016.3288945338836,381.8137841182131
Magic,1,1,1,1,24.0,5600,0,0,0.0,114990,honor,1024.0,80.0,0,0,snapdragon,3,2,180.0,50.0,8,3078.701024783017,452.75015070338486
Magic,0,1,1,0,8.0,4000,1,1,0.0,104999,honor,256.0,15.0,0,0,snapdragon,3,1,108.0,16.0,8,3315.177219998955,414.3971524998694
Magic,1,1,1,0,12.0,5100,0,0,0.0,103999,honor,512.0,66.0,0,0,snapdragon,4,2,50.0,12.0,8,3135.673452386265,460.45131459416524
Phone,1,1,1,0,8.0,5000,0,0,0.0,23999,nothing,128.0,45.0,0,0,dimensity,2,1,50.0,32.0,8,2644.3902888945877,394.68511774546084
Phone,1,1,1,0,6.0,5000,0,0,0.0,24990,nothing,128.0,33.0,0,0,snapdragon,2,1,50.0,16.0,8,2631.8054639353572,401.8023609061614
Phone,1,1,1,0,8.0,5000,0,0,0.0,25999,nothing,256.0,45.0,0,0,dimensity,2,1,50.0,32.0,8,2644.3902888945877,394.68511774546084
Phone,1,1,1,0,8.0,5000,0,0,0.0,27990,nothing,128.0,65.0,0,0,snapdragon,2,1,64.0,32.0,8,2935.479517898226,436.82730921104553
Phone,1,1,1,0,12.0,5000,0,0,0.0,27999,nothing,256.0,45.0,0,0,dimensity,2,1,50.0,32.0,8,2644.3902888945877,394.68511774546084
Phone,1,1,1,0,8.0,4500,0,0,0.0,31999,nothing,128.0,33.0,0,0,snapdragon,2,1,50.0,16.0,8,2631.8054639353572,401.8023609061614
Phone,1,1,1,0,8.0,4500,0,0,0.0,33999,nothing,256.0,33.0,0,0,snapdragon,2,1,50.0,16.0,8,2631.8054639353572,401.8023609061614
Phone,1,1,1,0,12.0,4500,0,0,0.0,36999,nothing,256.0,33.0,0,0,snapdragon,2,1,50.0,16.0,8,2631.8054639353572,401.8023609061614
Phone,1,1,1,0,8.0,4700,0,0,0.0,37999,nothing,128.0,45.0,0,0,snapdragon,2,1,50.0,32.0,8,2642.7531099215453,394.44076267485747
Phone,1,1,1,0,12.0,4700,0,0,0.0,40299,nothing,512.0,45.0,0,0,snapdragon,2,1,50.0,32.0,8,2642.7531099215453,394.44076267485747
Phone,1,1,1,0,12.0,4700,0,0,0.0,40999,nothing,256.0,45.0,0,0,snapdragon,2,1,50.0,32.0,8,2642.7531099215453,394.44076267485747
Phone,1,1,1,0,8.0,5000,0,0,0.0,45990,nothing,128.0,100.0,0,0,snapdragon,3,1,64.0,32.0,8,2631.8054639353572,394.57353282389164
Phone,1,1,1,0,8.0,5000,0,0,0.0,49990,nothing,256.0,150.0,0,0,snapdragon,3,1,108.0,32.0,8,3882.4734384152584,576.8905554851796
Fold,1,1,1,1,12.0,5000,1,1,0.0,89999,nothing,256.0,45.0,0,0,snapdragon,3,2,50.0,32.0,8,2831.6638218545645,363.03382331468777
Pixel,0,1,0,0,4.0,3000,0,0,0.0,13999,google,64.0,18.0,0,0,snapdragon,1,1,12.2,8.0,8,2468.764873372918,440.85087024516395
Pixel,1,1,0,0,6.0,2800,0,0,0.0,19999,google,64.0,15.0,0,0,snapdragon,2,2,16.0,8.0,8,2522.8555249954366,442.60623245533975
Pixel,0,1,1,0,6.0,4620,0,0,0.0,32999,google,128.0,18.0,0,1,snapdragon,2,1,16.0,8.0,8,2631.8054639353572,415.11127191409423
Pixel,1,1,1,0,8.0,4385,0,0,0.0,37999,google,128.0,18.0,0,0,tensor,2,1,64.0,13.0,8,2631.8054639353572,431.44351867792744
Pixel,1,1,1,0,6.0,4410,0,0,0.0,43999,google,128.0,15.0,0,1,tensor,2,1,12.2,8.0,8,2631.8054639353572,428.63281171585623
Pixel,1,1,1,0,8.0,4355,0,0,0.0,46999,google,128.0,30.0,0,0,tensor,2,1,50.0,10.8,8,2631.8054639353572,417.7468990373583
Pixel,1,1,1,0,8.0,4700,0,0,0.0,49990,google,128.0,44.0,0,0,tensor,2,1,108.0,13.0,8,2631.8054639353572,417.7468990373583
Pixel,1,1,1,0,8.0,4492,0,0,0.0,52999,google,128.0,15.0,0,0,tensor,2,1,64.0,13.0,9,2631.8054639353572,431.44351867792744
Pixel,1,1,1,1,8.0,5000,0,0,0.0,59990,google,256.0,45.0,0,0,tensor,2,1,50.0,12.0,8,2631.8054639353572,436.45198406888176
Pixel,1,1,1,0,8.0,4492,0,0,0.0,59999,google,256.0,15.0,0,0,tensor,2,1,64.0,13.0,9,2631.8054639353572,431.44351867792744
Pixel,1,1,1,0,12.0,5000,0,0,0.0,62999,google,128.0,30.0,0,0,tensor,3,1,50.0,10.8,8,3436.2770551863246,512.8771724158693
Pixel,1,1,1,0,8.0,4575,0,0,0.0,69999,google,128.0,30.0,0,0,tensor,2,1,50.0,10.5,9,2631.8054639353572,424.48475224763826
Pixel,1,1,1,0,8.0,4575,0,0,0.0,69999,google,256.0,30.0,0,0,tensor,2,1,50.0,10.5,9,2631.8054639353572,424.48475224763826
Pixel,1,1,1,0,8.0,4800,0,0,0.0,74990,google,128.0,15.0,0,1,snapdragon,3,1,16.0,16.0,8,2631.8054639353572,424.48475224763826
Pixel,1,1,1,0,12.0,5000,0,0,0.0,89999,google,128.0,30.0,0,0,tensor,3,1,64.0,10.8,8,3436.2770551863246,512.8771724158693
Pixel,1,1,1,1,12.0,5000,0,0,0.0,94990,google,256.0,45.0,0,0,tensor,3,1,50.0,50.0,8,3436.2770551863246,563.3241074075942
Pixel,0,1,1,1,8.0,4000,1,1,0.0,99990,google,128.0,45.0,0,0,tensor,2,1,48.0,10.0,8,2852.367437761131,425.72648324793
Pixel,1,1,1,0,12.0,5050,0,0,0.0,101999,google,128.0,30.0,0,0,tensor,3,1,50.0,10.5,9,3280.0,489.55223880597015
Pixel,1,1,1,0,12.0,5050,0,0,0.0,108999,google,256.0,30.0,0,0,tensor,3,1,50.0,10.5,9,3280.0,489.55223880597015
Pixel,1,1,1,1,12.0,5300,0,0,0.0,109990,google,256.0,45.0,0,0,tensor,4,1,50.0,50.0,8,3436.2770551863246,512.1128249159947
Pixel,1,1,1,0,12.0,5003,0,0,0.0,125990,google,128.0,30.0,0,0,tensor,3,1,50.0,12.0,8,3673.96243856684,442.6460769357638
Pixel,1,1,1,0,12.0,4821,1,1,0.0,146990,google,256.0,30.0,0,0,tensor,3,2,48.0,9.5,8,2874.171880733649,378.18051062284854
Pixel,1,1,1,0,12.0,5000,1,1,0.0,159990,google,256.0,45.0,0,0,tensor,3,2,50.0,12.0,10,2874.171880733649,358.3755462261408
P,1,1,0,0,4.0,5000,0,0,1024.0,6999,other,128.0,18.0,0,0,unisoc,2,1,50.0,8.0,8,1765.4869016789673,267.49801540590414
A,1,1,0,0,4.0,5000,0,0,2048.0,7190,other,256.0,10.0,1,0,unisoc,2,1,13.0,8.0,8,1765.4869016789673,267.49801540590414
P,1,1,0,0,8.0,5000,0,0,1024.0,7309,other,128.0,18.0,0,0,unisoc,2,1,50.0,8.0,8,1765.4869016789673,267.49801540590414
P,1,1,0,0,4.0,6000,0,0,1024.0,7394,other,128.0,18.0,0,0,unisoc,2,1,50.0,8.0,8,1765.4869016789673,269.1291008656963
Rs,1,0,0,0,8.0,5000,0,0,0.0,8990,other,128.0,45.0,0,0,helio,2,1,50.0,8.0,8,1765.4869016789673,269.1291008656963
P,1,1,0,0,8.0,5000,0,0,1024.0,9999,other,256.0,45.0,0,0,unisoc,2,1,50.0,8.0,8,1791.0890541790488,271.37712942106805
Other,1,1,1,0,8.0,4200,0,0,0.0,49990,asus,128.0,120.0,0,0,snapdragon,3,1,50.0,12.0,8,2686.6335812685734,412.06036522524136
Rog,1,1,1,0,8.0,6000,0,0,0.0,52999,asus,128.0,65.0,0,0,snapdragon,3,1,64.0,24.0,8,2675.650201352935,394.6386727659196
Other,1,1,1,0,8.0,4300,0,0,0.0,59999,asus,128.0,30.0,0,0,snapdragon,2,1,50.0,12.0,8,2631.8054639353572,446.068722700908
Zenfone,1,1,1,0,8.0,4300,0,0,0.0,63990,asus,128.0,30.0,0,0,snapdragon,2,1,50.0,12.0,8,2631.8054639353572,446.068722700908
Rog,1,1,1,0,16.0,6000,0,0,0.0,64999,asus,512.0,30.0,0,0,snapdragon,3,1,64.0,24.0,8,2577.2077913897438,391.0785722897942
Zenfone,1,1,1,0,8.0,4300,0,0,0.0,70990,asus,128.0,30.0,0,0,snapdragon,2,1,50.0,32.0,8,2631.8054639353572,444.5617337728644
Rog,1,1,1,0,16.0,6000,0,0,0.0,71990,asus,256.0,65.0,0,0,dimensity,3,1,50.0,12.0,8,2675.650201352935,394.6386727659196
Rog,1,1,1,0,12.0,6000,0,0,0.0,71999,asus,256.0,65.0,0,0,snapdragon,3,1,50.0,12.0,8,2675.650201352935,394.6386727659196
Rog,1,1,1,0,16.0,6000,0,0,0.0,72999,asus,256.0,65.0,0,0,dimensity,3,1,50.0,12.0,8,2675.650201352935,394.6386727659196
Zenfone,1,1,1,0,8.0,4500,0,0,0.0,74990,asus,128.0,30.0,0,0,snapdragon,3,1,50.0,32.0,8,2631.8054639353572,438.6342439892262
Rog,1,1,1,0,16.0,6000,0,0,0.0,74999,asus,512.0,65.0,0,0,snapdragon,3,1,50.0,32.0,8,2675.650201352935,394.6386727659196
Rog,1,1,1,0,16.0,6000,0,1,0.0,109900,asus,512.0,65.0,0,0,snapdragon,3,1,64.0,32.0,8,2675.650201352935,394.6386727659196
Rog,1,1,1,0,16.0,6000,0,1,0.0,107990,asus,512.0,65.0,0,0,dimensity,3,1,50.0,12.0,8,2675.650201352935,394.6386727659196
Rog,1,1,1,0,16.0,5500,0,0,0.0,94999,asus,512.0,65.0,0,0,snapdragon,3,1,50.0,32.0,8,2631.8054639353572,388.1718973355984
Rog,1,1,1,0,18.0,6000,0,0,0.0,94990,asus,512.0,65.0,0,0,snapdragon,3,1,50.0,12.0,8,2675.650201352935,394.6386727659196
Rog,1,1,1,0,18.0,6000,0,0,0.0,89999,asus,512.0,65.0,0,0,snapdragon,3,1,50.0,12.0,8,2675.650201352935,394.6386727659196
Rog,1,1,1,0,12.0,5500,0,0,0.0,89990,asus,256.0,65.0,0,0,snapdragon,3,1,50.0,32.0,8,2631.8054639353572,388.1718973355984
Rog,1,1,1,0,18.0,6000,0,0,0.0,82999,asus,512.0,80.0,0,0,snapdragon,3,1,64.0,24.0,8,2675.650201352935,394.6386727659196
Zenfone,1,1,1,0,12.0,5500,0,0,0.0,81990,asus,256.0,65.0,0,0,snapdragon,3,1,50.0,32.0,8,2631.8054639353572,388.1718973355984
Rog,1,1,1,0,18.0,6000,0,0,0.0,79999,asus,512.0,65.0,0,0,snapdragon,3,1,64.0,24.0,8,2675.650201352935,394.6386727659196
Rog,1,1,1,0,16.0,6000,0,0,0.0,79990,asus,256.0,65.0,0,0,snapdragon,3,1,108.0,12.0,8,2675.650201352935,394.6386727659196
K,1,1,0,0,2.0,3900,0,0,256.0,9499,other,32.0,15.0,1,0,helio,3,1,13.0,8.0,8,1681.903683330291,268.6747097971711
Stylo,1,1,1,0,4.0,4000,0,0,2048.0,27999,other,64.0,15.0,1,0,snapdragon,3,1,48.0,13.0,8,2631.8054639353572,387.03021528461136
Velvet,1,1,1,0,6.0,4300,0,0,1024.0,49999,other,128.0,25.0,1,0,snapdragon,3,1,48.0,16.0,8,2686.6335812685734,395.09317371596666
Velvet,1,1,1,0,6.0,4300,0,0,1024.0,54999,other,128.0,25.0,1,0,snapdragon,3,1,48.0,16.0,8,2686.6335812685734,395.09317371596666
V,1,1,1,0,8.0,5000,0,1,0.0,79990,other,128.0,15.0,0,1,snapdragon,3,1,64.0,10.0,8,2686.6335812685734,395.09317371596666
V,1,1,1,0,8.0,5000,0,1,0.0,82990,other,128.0,15.0,0,1,snapdragon,3,1,64.0,10.0,8,2686.6335812685734,393.93454270800197
A,1,1,0,0,3.0,4000,0,0,256.0,7124,other,32.0,10.0,1,0,helio,2,1,13.0,5.0,8,1718.1385275931623,282.1245529709626
K,1,1,0,0,3.0,4000,0,0,128.0,7290,other,32.0,68.0,0,0,helio,2,1,13.0,8.0,8,2202.9071700822983,423.6359942465958
K,1,1,0,0,4.0,3760,0,0,256.0,7499,other,64.0,15.0,0,0,snapdragon,2,1,16.0,8.0,8,1609.9689437998486,268.7761174958011
K,1,1,0,0,4.0,5000,0,0,1024.0,9990,other,64.0,20.0,0,0,helio,4,1,50.0,16.0,8,1754.5369759569046,268.68866400565156
K,1,1,0,0,4.0,5000,0,0,1024.0,11490,other,128.0,18.0,1,0,snapdragon,4,1,48.0,13.0,8,1754.5369759569046,269.92876553183146
K,1,1,0,0,4.0,5000,0,0,512.0,13990,other,64.0,15.0,0,0,snapdragon,4,1,64.0,13.0,8,1754.5369759569046,269.5141284111989
Legion,1,1,1,0,8.0,5100,0,0,0.0,34990,other,128.0,68.0,0,0,snapdragon,3,1,50.0,16.0,8,2631.8054639353572,394.57353282389164
Legion,1,1,1,0,12.0,5600,0,0,0.0,46990,other,256.0,68.0,0,0,snapdragon,2,1,64.0,16.0,8,2686.6335812685734,388.2418470041291
Legion,1,1,1,0,16.0,5600,0,0,0.0,49990,other,256.0,68.0,0,0,snapdragon,3,1,50.0,16.0,8,2686.6335812685734,402.79364037010095
Legion,1,1,1,0,12.0,5500,0,0,0.0,54990,other,256.0,125.0,0,0,snapdragon,2,1,64.0,44.0,8,2686.6335812685734,388.2418470041291
Legion,1,1,1,0,16.0,5000,0,0,0.0,59999,other,512.0,120.0,0,0,snapdragon,2,1,64.0,20.0,8,2631.8054639353572,404.89314829774725
Legion,1,1,1,0,12.0,5000,0,0,0.0,64999,other,256.0,120.0,0,0,snapdragon,2,1,64.0,44.0,8,2686.6335812685734,388.2418470041291
M,1,1,0,0,6.0,5000,0,0,0.0,11990,other,128.0,18.0,1,0,helio,3,1,16.0,8.0,8,1754.5369759569046,268.68866400565156
F,1,1,0,0,6.0,4000,0,0,1024.0,13990,other,128.0,10.0,1,0,unisoc,1,1,13.0,5.0,8,1681.903683330291,258.75441282004476
A,1,1,0,0,4.0,5000,0,0,1024.0,7999,samsung,64.0,25.0,1,0,helio,2,1,50.0,8.0,8,1754.5369759569046,261.871190441329
M,1,1,0,0,4.0,5000,0,0,1024.0,8199,samsung,64.0,25.0,0,0,snapdragon,3,1,50.0,13.0,8,2631.8054639353572,391.6377178475234
M,1,1,0,0,6.0,5000,0,0,1024.0,9499,samsung,128.0,25.0,0,0,snapdragon,3,1,50.0,13.0,8,2631.8054639353572,391.6377178475234
F,1,1,0,0,4.0,5000,0,0,1024.0,7999,samsung,64.0,15.0,1,0,helio,2,1,13.0,5.0,8,1754.5369759569046,269.92876553183146
A,1,1,0,0,4.0,5000,0,0,1024.0,9099,samsung,64.0,15.0,1,0,exynos,3,1,50.0,13.0,8,2639.102877873464,399.8640724050703
M,1,1,0,0,4.0,5000,0,0,1024.0,7599,samsung,64.0,15.0,1,0,helio,2,1,13.0,5.0,8,1754.5369759569046,269.92876553183146
A,1,1,0,0,4.0,5000,0,0,1024.0,9490,samsung,64.0,15.0,1,0,helio,2,1,50.0,5.0,8,1754.5369759569046,269.92876553183146
A,1,1,0,0,2.0,5000,0,0,1024.0,7899,samsung,32.0,25.0,1,0,unisoc,1,1,8.0,5.0,4,1754.5369759569046,269.92876553183146
A,1,1,0,0,3.0,5000,0,0,1024.0,7499,samsung,32.0,15.0,1,0,helio,3,1,13.0,5.0,8,1754.5369759569046,269.92876553183146
A,1,1,0,0,2.0,3000,0,0,512.0,7999,samsung,16.0,25.0,1,0,snapdragon,2,1,13.0,5.0,8,1718.1385275931623,301.4278118584495
A,1,1,0,0,3.0,5000,0,0,1024.0,8499,samsung,64.0,25.0,1,0,helio,2,1,13.0,5.0,8,1754.5369759569046,269.92876553183146
M,1,1,0,0,4.0,6000,0,0,1024.0,8999,samsung,64.0,15.0,1,0,exynos,3,1,50.0,8.0,8,2631.8054639353572,398.7584036265693
A,1,1,0,0,3.0,5000,0,0,1024.0,9499,samsung,32.0,15.0,1,0,unisoc,2,1,48.0,5.0,8,1718.1385275931623,264.3290042451019
J,1,1,0,0,1.5,2600,0,0,1024.0,8999,samsung,8.0,25.0,0,0,helio,1,1,8.0,5.0,4,1101.4535850411492,220.29071700822982
M,1,1,0,0,4.0,5000,0,0,1024.0,7990,samsung,128.0,18.0,1,0,helio,2,1,64.0,8.0,8,1754.5369759569046,267.45990487147935
M,1,1,0,0,4.0,5000,0,0,1024.0,8899,samsung,128.0,15.0,1,0,helio,2,1,13.0,5.0,8,1754.5369759569046,269.92876553183146
A,1,1,0,0,3.0,5000,0,0,1024.0,8990,samsung,32.0,18.0,1,0,helio,1,1,13.0,5.0,8,1754.5369759569046,269.92876553183146
F,1,1,0,0,4.0,5000,0,0,1024.0,8690,samsung,64.0,15.0,1,0,snapdragon,3,1,13.0,5.0,8,1754.5369759569046,269.92876553183146
M,1,1,1,0,6.0,6000,0,0,1024.0,11110,samsung,128.0,25.0,0,0,exynos,3,1,50.0,13.0,8,2639.102877873464,399.8640724050703
M,1,1,1,0,4.0,6000,0,0,1024.0,11450,samsung,128.0,25.0,0,0,dimensity,3,1,50.0,13.0,8,2577.2077913897438,399.56709944027034
F,1,1,1,0,6.0,6000,0,0,1024.0,11000,samsung,128.0,25.0,1,0,exynos,2,1,50.0,13.0,8,2639.102877873464,399.8640724050703
M,1,1,1,0,4.0,6000,0,0,1024.0,10631,samsung,128.0,25.0,0,0,exynos,3,1,50.0,13.0,8,2639.102877873464,399.8640724050703
A,1,1,0,0,4.0,5000,0,0,1024.0,10999,samsung,128.0,25.0,1,0,snapdragon,3,1,50.0,13.0,8,2631.8054639353572,392.8067856619936
A,1,1,0,0,6.0,5000,0,0,1024.0,10390,samsung,128.0,25.0,1,0,helio,2,1,50.0,8.0,8,1754.5369759569046,261.871190441329
A,1,1,0,0,4.0,5000,0,0,1024.0,10499,samsung,128.0,25.0,1,0,helio,2,1,13.0,5.0,8,1754.5369759569046,269.92876553183146
A,1,1,0,0,4.0,5000,0,0,1024.0,10299,samsung,64.0,15.0,0,0,exynos,3,1,50.0,5.0,8,1754.5369759569046,269.92876553183146
A,1,1,0,0,4.0,5000,0,0,1024.0,10900,samsung,128.0,15.0,0,0,exynos,3,1,50.0,5.0,8,1754.5369759569046,269.92876553183146
M,1,1,1,0,4.0,5000,0,0,1024.0,10990,samsung,64.0,15.0,0,0,dimensity,2,1,50.0,5.0,8,1754.5369759569046,269.92876553183146
M,1,1,0,0,4.0,6000,0,0,1024.0,10999,samsung,64.0,15.0,0,0,exynos,4,1,48.0,8.0,8,1754.5369759569046,269.92876553183146
A,1,1,0,0,4.0,5000,0,0,1024.0,10490,samsung,64.0,15.0,1,0,unisoc,2,1,48.0,5.0,8,1718.1385275931623,264.3290042451019
F,1,1,1,0,6.0,6000,0,0,1024.0,12999,samsung,128.0,25.0,0,0,exynos,3,1,50.0,13.0,8,2577.2077913897438,396.4935063676529
F,1,1,1,0,4.0,6000,0,0,1024.0,12999,samsung,128.0,25.0,0,0,dimensity,3,1,50.0,13.0,8,2577.2077913897438,399.56709944027034
M,1,1,1,0,6.0,6000,0,0,1024.0,13999,samsung,128.0,25.0,0,0,exynos,3,1,50.0,13.0,8,2577.2077913897438,396.4935063676529
M,1,1,1,0,6.0,6000,0,0,1024.0,12332,samsung,128.0,25.0,0,0,dimensity,3,1,50.0,13.0,8,2577.2077913897438,399.56709944027034
F,1,1,1,0,6.0,6000,0,0,1024.0,13429,samsung,128.0,25.0,0,0,dimensity,3,1,50.0,13.0,8,2577.2077913897438,399.56709944027034
A,1,1,1,0,8.0,5000,0,0,1024.0,13599,samsung,128.0,15.0,0,0,exynos,3,1,50.0,13.0,8,2639.102877873464,399.8640724050703
A,1,1,0,0,6.0,5000,0,0,1024.0,12490,samsung,128.0,25.0,1,0,snapdragon,3,1,50.0,13.0,8,2631.8054639353572,392.8067856619936
A,1,1,1,0,4.0,5000,0,0,1024.0,14199,samsung,128.0,15.0,0,0,exynos,3,1,50.0,13.0,8,2639.102877873464,399.8640724050703
A,1,1,0,0,4.0,5000,0,0,1024.0,12990,samsung,128.0,25.0,1,0,exynos,4,1,50.0,8.0,8,2639.102877873464,399.8640724050703
F,1,1,0,0,6.0,6000,0,0,512.0,12990,samsung,64.0,15.0,0,1,snapdragon,4,1,64.0,50.0,8,2631.8054639353572,404.89314829774725
M,1,1,1,0,8.0,6000,0,0,1024.0,15999,samsung,128.0,25.0,0,0,dimensity,3,1,50.0,13.0,8,2577.2077913897438,399.56709944027034
F,1,1,1,0,6.0,6000,0,0,1024.0,17990,samsung,128.0,25.0,0,0,exynos,3,1,50.0,16.0,8,2577.2077913897438,396.4935063676529
F,1,1,1,0,8.0,6000,0,0,1024.0,15999,samsung,128.0,25.0,0,0,dimensity,3,1,50.0,13.0,8,2577.2077913897438,399.56709944027034
M,1,1,1,0,8.0,6000,0,0,1024.0,15982,samsung,128.0,25.0,0,0,exynos,3,1,50.0,13.0,8,2577.2077913897438,396.4935063676529
A,1,1,1,0,6.0,5000,0,0,1024.0,17900,samsung,128.0,25.0,0,0,dimensity,3,1,50.0,13.0,8,2577.2077913897438,396.4935063676529
A,1,1,1,0,6.0,5000,0,0,1024.0,17499,samsung,128.0,25.0,0,0,snapdragon,4,1,50.0,8.0,8,2639.102877873464,399.8640724050703
A,1,1,0,0,8.0,5000,0,0,1024.0,16990,samsung,128.0,25.0,1,0,helio,3,1,50.0,13.0,8,2577.2077913897438,396.4935063676529
A,1,1,1,0,4.0,5000,0,0,1024.0,16990,samsung,128.0,25.0,0,0,exynos,3,1,50.0,16.0,8,2639.102877873464,395.66759788207855
F,1,1,1,0,6.0,5000,0,0,1024.0,17999,samsung,128.0,25.0,0,0,snapdragon,3,1,50.0,8.0,8,2639.102877873464,399.8640724050703
F,1,1,1,0,6.0,6000,0,0,1024.0,16990,samsung,128.0,25.0,0,0,snapdragon,3,1,108.0,32.0,8,2631.8054639353572,394.57353282389164
A,1,1,1,0,6.0,5000,0,0,1024.0,15999,samsung,128.0,15.0,0,0,exynos,3,1,50.0,13.0,8,2639.102877873464,399.8640724050703
A,1,1,0,0,6.0,5000,0,0,1024.0,17999,samsung,128.0,25.0,0,0,helio,3,1,50.0,13.0,8,2577.2077913897438,396.4935063676529
M,1,1,0,0,4.0,5000,0,0,1024.0,15999,samsung,128.0,18.0,0,0,helio,4,1,48.0,13.0,8,1754.5369759569046,274.14640249326635
M,1,1,1,0,6.0,6000,0,0,1024.0,17999,samsung,128.0,25.0,0,0,exynos,4,1,50.0,8.0,8,2631.8054639353572,398.7584036265693
F,1,1,1,0,8.0,5000,0,0,1024.0,26990,samsung,128.0,45.0,0,0,snapdragon,3,1,50.0,50.0,8,2631.8054639353572,392.8067856619936
M,1,1,1,0,8.0,5000,0,0,1024.0,24999,samsung,128.0,45.0,0,0,snapdragon,3,1,50.0,50.0,8,2631.8054639353572,394.57353282389164
F,1,1,1,0,8.0,6000,0,0,1024.0,22863,samsung,256.0,25.0,0,0,exynos,3,1,108.0,32.0,8,2639.102877873464,393.8959519214125
A,1,1,1,0,8.0,5000,0,0,1024.0,27899,samsung,128.0,25.0,0,0,exynos,3,1,50.0,13.0,8,2577.2077913897438,390.48602899844605
C,1,1,1,0,8.0,5000,0,0,1024.0,24990,samsung,256.0,45.0,0,0,snapdragon,3,1,50.0,50.0,8,2631.8054639353572,392.8067856619936
M,1,1,1,0,8.0,5000,0,0,1024.0,26690,samsung,256.0,45.0,0,0,snapdragon,3,1,50.0,50.0,8,2631.8054639353572,394.57353282389164
M,1,1,1,0,8.0,6000,0,0,1024.0,25171,samsung,256.0,25.0,0,0,exynos,3,1,50.0,13.0,8,2577.2077913897438,396.4935063676529
A,1,1,1,0,8.0,5000,0,0,1024.0,21499,samsung,128.0,25.0,0,0,exynos,3,1,50.0,13.0,8,2577.2077913897438,396.4935063676529
A,1,1,1,0,8.0,5000,0,0,1024.0,24499,samsung,128.0,25.0,0,0,dimensity,3,1,48.0,13.0,8,2577.2077913897438,390.48602899844605
M,1,1,1,0,6.0,5000,0,0,1024.0,21390,samsung,128.0,25.0,0,0,snapdragon,3,1,64.0,32.0,8,2631.8054639353572,392.8067856619936
A,1,1,1,0,8.0,5000,0,0,1024.0,26899,samsung,128.0,25.0,0,0,exynos,4,1,64.0,32.0,8,2631.8054639353572,404.89314829774725
A,1,1,1,0,8.0,5000,0,0,1024.0,22492,samsung,256.0,25.0,0,0,dimensity,3,1,50.0,13.0,8,2577.2077913897438,396.4935063676529
A,1,1,1,0,8.0,5000,0,0,1024.0,23999,samsung,256.0,25.0,0,0,exynos,3,1,50.0,13.0,8,2577.2077913897438,396.4935063676529
A,1,1,1,0,8.0,5000,0,0,1024.0,26499,samsung,256.0,25.0,0,0,dimensity,3,1,48.0,13.0,8,2577.2077913897438,390.48602899844605
S,1,1,1,1,8.0,4500,0,0,0.0,36880,samsung,128.0,25.0,0,0,exynos,3,1,50.0,10.0,8,2577.2077913897438,402.68871740464743
A,1,1,1,0,8.0,5000,0,0,1024.0,36999,samsung,128.0,25.0,0,0,exynos,3,1,50.0,32.0,8,2577.2077913897438,390.48602899844605
S,1,1,1,0,8.0,4500,0,0,0.0,33779,samsung,256.0,25.0,0,0,snapdragon,3,1,12.0,32.0,8,2577.2077913897438,402.68871740464743
S,1,1,1,1,8.0,3700,0,0,0.0,36999,samsung,128.0,25.0,0,0,snapdragon,3,1,50.0,10.0,8,2577.2077913897438,422.4930805556957
S,1,1,1,0,8.0,4500,0,0,0.0,32883,samsung,128.0,25.0,0,0,exynos,3,1,12.0,32.0,8,2577.2077913897438,402.68871740464743
A,1,1,1,0,8.0,5000,0,0,1024.0,33499,samsung,128.0,25.0,0,0,exynos,3,1,50.0,32.0,8,2577.2077913897438,402.68871740464743
S,1,1,1,0,8.0,4500,0,0,0.0,29999,samsung,128.0,25.0,0,0,snapdragon,3,1,12.0,32.0,8,2577.2077913897438,402.68871740464743
A,1,1,1,0,8.0,5000,0,0,1024.0,35499,samsung,256.0,25.0,0,0,exynos,3,1,50.0,32.0,8,2577.2077913897438,402.68871740464743
M,1,1,1,0,8.0,5000,0,0,1024.0,34990,samsung,128.0,50.0,0,0,exynos,4,1,108.0,32.0,8,2631.8054639353572,385.8952293160348
S,1,1,1,1,8.0,4500,0,0,0.0,41740,samsung,256.0,25.0,0,0,exynos,3,1,50.0,10.0,8,2577.2077913897438,402.68871740464743
A,1,1,1,0,8.0,5000,0,0,1024.0,43990,samsung,128.0,45.0,0,0,exynos,3,1,64.0,32.0,8,2577.2077913897438,383.51306419490237
S,1,1,1,1,12.0,5100,0,0,0.0,124990,samsung,256.0,65.0,0,0,snapdragon,3,1,200.0,60.0,8,3882.4734384152584,568.444134467827
S,1,1,1,1,12.0,5000,0,0,0.0,89748,samsung,256.0,45.0,0,0,snapdragon,4,1,200.0,12.0,8,3407.2487434879185,501.0659916893998
S,1,1,1,1,8.0,4000,0,0,0.0,79999,samsung,256.0,25.0,0,0,exynos,3,1,50.0,12.0,10,2577.2077913897438,415.6786760306038
S,1,1,1,1,12.0,5000,0,0,0.0,99999,samsung,256.0,45.0,0,0,snapdragon,4,1,108.0,40.0,8,3400.0,500.0
S,1,1,1,1,12.0,4800,0,0,0.0,74990,samsung,256.0,67.0,0,0,snapdragon,3,1,108.0,12.0,8,3671.5119501371637,545.5441233487613
S,1,1,1,1,12.0,4900,0,0,0.0,99999,samsung,256.0,45.0,0,0,exynos,3,1,50.0,12.0,10,3436.2770551863246,512.8771724158693
S,1,1,1,1,12.0,5000,0,0,0.0,104999,samsung,512.0,45.0,0,0,snapdragon,4,1,200.0,12.0,8,3407.2487434879185,501.0659916893998
S,1,1,1,1,12.0,5000,0,0,0.0,81999,samsung,512.0,45.0,0,0,snapdragon,4,1,108.0,40.0,8,3400.0,500.0
S,1,1,1,0,12.0,5000,0,0,0.0,105999,samsung,256.0,25.0,0,0,exynos,4,1,108.0,40.0,8,3509.073951913809,516.0402870461485
S,1,1,0,0,12.0,5000,0,0,1024.0,103000,samsung,128.0,45.0,0,1,exynos,4,1,108.0,40.0,8,3509.073951913809,508.56144230634914
S,1,1,1,1,8.0,4000,0,0,0.0,74999,samsung,128.0,25.0,0,0,exynos,3,1,50.0,12.0,10,2577.2077913897438,415.6786760306038
Y,1,1,0,0,4.0,5000,0,0,1024.0,8999,vivo,128.0,15.0,0,0,helio,2,1,50.0,8.0,8,1765.4869016789673,269.1291008656963
U,1,1,1,0,6.0,5000,0,0,0.0,8990,vivo,64.0,18.0,0,0,snapdragon,2,1,13.0,8.0,8,2639.102877873464,401.07946472241093
Y,1,1,0,0,4.0,5000,0,0,1024.0,8999,vivo,64.0,10.0,1,0,helio,2,1,13.0,5.0,8,1754.5369759569046,269.5141284111989
Y,1,1,0,0,4.0,5000,0,0,1024.0,8980,vivo,64.0,18.0,1,0,helio,1,1,8.0,5.0,8,1754.5369759569046,269.5141284111989
Y,1,1,0,0,2.0,5000,0,0,1024.0,8999,vivo,32.0,10.0,1,0,helio,1,1,8.0,5.0,8,1754.5369759569046,269.5141284111989
Y,1,1,0,0,3.0,5000,0,0,1024.0,8489,vivo,32.0,10.0,1,0,helio,1,1,8.0,5.0,8,1754.5369759569046,269.5141284111989
Y,1,1,0,0,3.0,5000,0,0,1024.0,8660,vivo,32.0,44.0,1,0,helio,2,1,13.0,8.0,8,1754.5369759569046,269.5141284111989
Y,1,1,0,0,4.0,5000,0,0,1024.0,9999,vivo,64.0,18.0,1,0,helio,1,1,8.0,5.0,8,1754.5369759569046,269.5141284111989
T,1,1,1,0,4.0,6000,0,0,1024.0,13499,vivo,128.0,44.0,0,0,snapdragon,2,1,50.0,8.0,8,2639.102877873464,392.7236425406941
T,1,1,1,0,6.0,5000,0,0,1024.0,12999,vivo,128.0,18.0,1,0,dimensity,2,1,50.0,8.0,8,2639.102877873464,401.07946472241093
Y,1,1,1,0,4.0,5000,0,0,1024.0,13999,vivo,128.0,15.0,0,0,dimensity,2,1,50.0,8.0,8,1765.4869016789673,269.1291008656963
Y,1,1,0,0,8.0,5000,0,0,1024.0,12749,vivo,128.0,44.0,0,0,snapdragon,2,1,50.0,16.0,8,2620.867032109794,394.70889037798105
Y,1,1,1,0,8.0,6000,0,0,0.0,12990,vivo,128.0,44.0,0,0,snapdragon,2,1,50.0,8.0,8,2620.867032109794,394.70889037798105
Y,1,1,0,0,8.0,5000,0,0,1024.0,13950,vivo,128.0,44.0,0,0,snapdragon,3,1,50.0,16.0,8,2639.102877873464,401.07946472241093
Y,1,1,0,0,4.0,5000,0,0,256.0,12990,vivo,128.0,15.0,1,0,helio,3,1,13.0,16.0,8,1703.6243717439593,268.287302636844
T,1,1,0,0,4.0,5000,0,0,1024.0,14499,vivo,128.0,44.0,1,0,snapdragon,3,1,50.0,16.0,8,2639.102877873464,409.7985835207242
Y,1,1,0,0,8.0,5000,0,0,1024.0,12990,vivo,128.0,44.0,0,0,snapdragon,2,1,50.0,8.0,8,2620.867032109794,394.70889037798105
Y,1,1,1,0,4.0,5000,0,0,1024.0,14499,vivo,128.0,18.0,1,0,dimensity,2,1,50.0,16.0,8,2639.102877873464,401.07946472241093
T,1,1,1,0,8.0,6000,0,0,1024.0,16499,vivo,128.0,44.0,0,0,snapdragon,2,1,50.0,8.0,8,2639.102877873464,392.7236425406941
Y,1,1,0,0,4.0,5000,0,0,1024.0,15990,vivo,128.0,18.0,0,0,helio,2,1,50.0,8.0,8,1765.4869016789673,267.49801540590414
T,1,1,1,0,6.0,4500,0,0,1024.0,15999,vivo,128.0,44.0,0,0,snapdragon,2,1,64.0,16.0,8,2631.8054639353572,412.5086934067958
Y,1,1,1,0,6.0,5000,0,0,1024.0,15499,vivo,128.0,15.0,0,0,dimensity,2,1,50.0,8.0,8,1765.4869016789673,269.1291008656963
Y,1,1,1,0,8.0,5000,0,0,1024.0,16299,vivo,128.0,18.0,1,0,dimensity,2,1,50.0,16.0,8,2639.102877873464,401.07946472241093
Y,1,1,1,0,8.0,6000,0,0,1024.0,15990,vivo,128.0,44.0,0,0,snapdragon,2,1,50.0,8.0,8,2639.102877873464,392.7236425406941
Y,1,1,1,0,8.0,5000,0,0,1024.0,16999,vivo,128.0,15.0,0,0,dimensity,2,1,50.0,8.0,8,1765.4869016789673,269.1291008656963
T,1,1,0,0,6.0,5000,0,0,1024.0,17999,vivo,128.0,44.0,1,0,snapdragon,3,1,50.0,16.0,8,2639.102877873464,409.7985835207242
Y,1,1,1,0,8.0,5000,0,0,0.0,17990,vivo,128.0,44.0,0,0,snapdragon,2,1,50.0,8.0,8,2631.8054639353572,388.1718973355984
T,1,1,1,0,8.0,4500,0,0,1024.0,17999,vivo,128.0,44.0,0,0,snapdragon,2,1,64.0,16.0,8,2631.8054639353572,412.5086934067958
Y,1,1,1,0,8.0,4500,0,0,1024.0,17995,vivo,128.0,44.0,0,0,snapdragon,3,1,64.0,16.0,8,2631.8054639353572,412.5086934067958
T,1,1,1,0,6.0,5000,0,0,1024.0,15190,vivo,128.0,18.0,0,0,snapdragon,3,1,50.0,16.0,8,2639.102877873464,401.07946472241093
Y,1,1,1,0,8.0,5000,0,0,1024.0,18990,vivo,128.0,33.0,0,1,dimensity,2,1,50.0,16.0,8,2639.102877873464,399.8640724050703
V,1,1,1,0,8.0,5500,0,0,1024.0,27999,vivo,128.0,44.0,0,0,snapdragon,2,1,50.0,50.0,8,2631.8054639353572,388.1718973355984
T,1,1,1,0,8.0,5000,0,0,1024.0,24990,vivo,128.0,80.0,0,0,snapdragon,2,1,108.0,32.0,8,2631.8054639353572,398.7584036265693
T,1,1,1,0,8.0,4600,0,0,0.0,23999,vivo,128.0,66.0,0,0,dimensity,2,1,64.0,16.0,8,2631.8054639353572,388.1718973355984
V,1,1,1,0,8.0,5000,0,0,1024.0,23499,vivo,128.0,44.0,0,0,snapdragon,2,1,64.0,50.0,8,2631.8054639353572,388.1718973355984
T,1,1,1,0,8.0,5000,0,0,1024.0,21999,vivo,256.0,44.0,0,0,dimensity,3,1,50.0,16.0,8,2631.8054639353572,394.57353282389164
Y,1,1,1,0,8.0,4800,0,0,2048.0,21999,vivo,128.0,44.0,0,0,snapdragon,2,1,64.0,16.0,8,2631.8054639353572,394.57353282389164
T,1,1,1,0,8.0,4600,0,0,0.0,24999,vivo,256.0,66.0,0,0,dimensity,2,1,64.0,16.0,8,2631.8054639353572,388.1718973355984
Y,1,1,1,0,8.0,4800,0,0,2048.0,21499,vivo,256.0,44.0,0,0,snapdragon,2,1,64.0,16.0,8,2631.8054639353572,394.57353282389164
Y,1,1,1,0,4.0,5000,0,0,1024.0,20999,vivo,128.0,15.0,0,0,dimensity,2,1,50.0,8.0,8,2620.867032109794,394.70889037798105
Y,1,1,1,0,8.0,5000,0,0,1024.0,20999,vivo,128.0,44.0,0,0,snapdragon,2,1,50.0,16.0,8,2631.8054639353572,394.57353282389164
V,1,1,1,0,8.0,5000,0,0,1024.0,25299,vivo,256.0,44.0,0,0,snapdragon,2,1,64.0,50.0,8,2631.8054639353572,388.1718973355984
V,1,1,1,0,8.0,4500,0,0,1024.0,21490,vivo,128.0,44.0,0,0,dimensity,3,1,64.0,50.0,8,2639.102877873464,409.7985835207242
Y,1,1,1,0,8.0,5000,0,0,1024.0,24999,vivo,128.0,44.0,0,0,snapdragon,2,1,50.0,16.0,8,2631.8054639353572,394.57353282389164
Y,1,1,1,0,8.0,6000,0,0,1024.0,24990,vivo,256.0,44.0,0,0,snapdragon,2,1,50.0,8.0,8,1765.4869016789673,264.2944463591269
Y,1,1,1,0,8.0,4500,0,0,1024.0,20198,vivo,128.0,44.0,0,0,dimensity,3,1,64.0,16.0,8,2631.8054639353572,412.5086934067958
V,1,1,1,0,8.0,5000,0,0,0.0,30799,vivo,128.0,80.0,0,0,snapdragon,2,1,50.0,50.0,8,3070.439707924583,452.8672135581981
V,1,1,1,0,8.0,5000,0,0,1024.0,35990,vivo,128.0,100.0,0,0,snapdragon,3,1,50.0,50.0,8,3070.439707924583,458.27458327232586
V,1,1,1,0,8.0,4600,0,0,0.0,32999,vivo,128.0,66.0,0,0,dimensity,3,1,50.0,50.0,8,2631.8054639353572,388.1718973355984
V,1,1,1,0,8.0,5000,0,0,0.0,35999,vivo,256.0,80.0,0,0,snapdragon,2,1,50.0,50.0,8,3070.439707924583,452.8672135581981
V,1,1,1,0,8.0,4600,0,0,0.0,36199,vivo,256.0,80.0,0,0,dimensity,3,1,50.0,50.0,8,3070.439707924583,452.8672135581981
S,1,1,1,0,12.0,5000,0,0,0.0,39990,vivo,256.0,80.0,0,0,dimensity,3,1,50.0,50.0,8,3070.439707924583,450.2111008687072
V,1,1,1,0,12.0,4600,0,0,0.0,33499,vivo,256.0,80.0,0,0,snapdragon,3,1,50.0,50.0,8,3070.439707924583,452.8672135581981
V,1,1,1,0,8.0,4600,0,0,0.0,37999,vivo,128.0,66.0,0,0,dimensity,3,1,50.0,50.0,8,2631.8054639353572,388.1718973355984
V,1,1,1,0,12.0,4600,0,0,0.0,36999,vivo,256.0,66.0,0,0,dimensity,3,1,50.0,50.0,8,2631.8054639353572,388.1718973355984
V,1,1,1,0,12.0,4830,0,0,0.0,31899,vivo,256.0,66.0,0,0,dimensity,3,1,64.0,32.0,8,2609.9379302964276,397.85639181347983
S,1,1,1,0,12.0,5000,0,0,0.0,36990,vivo,256.0,80.0,0,0,dimensity,3,1,50.0,50.0,8,3070.439707924583,452.8672135581981
V,1,1,1,0,12.0,5000,0,0,0.0,45215,vivo,512.0,80.0,0,0,dimensity,3,1,50.0,50.0,8,3070.439707924583,452.8672135581981
X,1,1,1,0,16.0,5000,0,0,0.0,69999,vivo,256.0,120.0,0,0,dimensity,3,1,64.0,32.0,8,3070.439707924583,452.8672135581981
X,1,1,1,0,12.0,4870,0,0,0.0,68899,vivo,256.0,120.0,0,0,dimensity,3,1,50.0,32.0,8,3070.439707924583,452.8672135581981
X,1,1,1,0,12.0,4810,0,0,0.0,63490,vivo,256.0,120.0,0,0,dimensity,3,1,50.0,32.0,8,3070.439707924583,452.8672135581981
C,1,1,0,0,4.0,5000,0,0,2048.0,8349,realme,128.0,18.0,0,0,unisoc,2,1,108.0,8.0,8,2631.8054639353572,390.4755881209729
Narzo,1,1,0,0,4.0,5000,0,0,2048.0,7820,realme,64.0,33.0,0,0,unisoc,2,1,50.0,8.0,8,1754.5369759569046,260.31705874731523
C,1,1,0,0,6.0,5000,0,0,1024.0,8890,realme,64.0,33.0,0,0,helio,2,1,64.0,8.0,8,2631.8054639353572,391.6377178475234
Narzo,1,1,0,0,6.0,5000,0,0,2048.0,9478,realme,128.0,33.0,0,0,unisoc,2,1,50.0,8.0,8,1754.5369759569046,260.31705874731523
Narzo,1,1,0,0,6.0,5000,0,0,1024.0,9764,realme,128.0,33.0,0,0,helio,2,1,64.0,8.0,8,2631.8054639353572,391.6377178475234
C,1,1,0,0,4.0,5000,0,0,1024.0,8999,realme,64.0,33.0,0,0,helio,2,1,64.0,8.0,8,2631.8054639353572,391.6377178475234
C,1,1,0,0,6.0,5000,0,0,2048.0,9489,realme,64.0,18.0,0,0,unisoc,2,1,108.0,8.0,8,2631.8054639353572,390.4755881209729
C,1,1,0,0,4.0,5000,0,0,2048.0,8744,realme,128.0,33.0,0,0,unisoc,2,1,50.0,5.0,8,1754.5369759569046,260.31705874731523
Narzo,1,1,0,0,4.0,5000,0,0,1024.0,9800,realme,64.0,33.0,0,0,helio,2,1,64.0,8.0,8,2631.8054639353572,391.6377178475234
C,1,1,0,0,4.0,5000,0,0,1024.0,8990,realme,64.0,15.0,0,0,helio,2,1,50.0,8.0,8,1758.1854282185368,263.5960162246682
C,1,1,0,0,4.0,5000,0,0,1024.0,7290,realme,64.0,33.0,1,0,unisoc,3,1,13.0,5.0,8,1754.5369759569046,269.1007631835743
Narzo,1,1,1,0,4.0,5000,0,0,2048.0,11049,realme,128.0,33.0,0,0,dimensity,2,1,50.0,8.0,8,2631.8054639353572,391.6377178475234
Narzo,1,1,0,0,6.0,5000,0,0,1024.0,10190,realme,128.0,33.0,0,0,helio,2,1,64.0,8.0,8,2631.8054639353572,391.6377178475234
Narzo,1,1,0,0,8.0,5000,0,0,2048.0,10466,realme,128.0,33.0,0,0,unisoc,2,1,50.0,8.0,8,1754.5369759569046,260.31705874731523
C,1,1,0,0,6.0,5000,0,0,1024.0,10990,realme,128.0,18.0,0,0,unisoc,3,1,50.0,8.0,8,2639.102877873464,399.8640724050703
Narzo,1,1,0,0,4.0,5000,0,0,256.0,10499,realme,64.0,33.0,0,0,helio,3,1,50.0,16.0,8,2642.7531099215453,400.4171378669008
Other,1,1,0,0,4.0,5000,0,0,1024.0,10750,realme,64.0,33.0,0,0,snapdragon,3,1,50.0,16.0,8,2642.7531099215453,400.4171378669008
Narzo,1,1,0,0,4.0,6000,0,0,256.0,10899,realme,64.0,18.0,1,0,helio,3,1,50.0,8.0,8,1754.5369759569046,269.92876553183146
C,1,1,0,0,4.0,5000,0,0,1024.0,10999,realme,128.0,18.0,0,0,unisoc,3,1,50.0,8.0,8,2639.102877873464,399.8640724050703
Narzo,1,1,1,0,6.0,5000,0,0,2048.0,12877,realme,128.0,45.0,0,0,dimensity,2,1,50.0,8.0,8,2631.8054639353572,391.6377178475234
Other,1,1,1,0,6.0,5000,0,0,2048.0,13374,realme,128.0,45.0,0,0,dimensity,2,1,50.0,8.0,8,2631.8054639353572,391.6377178475234
C,1,1,1,0,6.0,5000,0,0,2048.0,12499,realme,128.0,15.0,0,0,dimensity,1,1,50.0,8.0,8,1758.1854282185368,263.5960162246682
C,1,1,0,0,8.0,5000,0,0,1024.0,12900,realme,128.0,33.0,0,0,helio,2,1,64.0,8.0,8,2631.8054639353572,391.6377178475234
Other,1,1,1,0,6.0,5000,0,0,2048.0,12999,realme,128.0,67.0,0,0,dimensity,3,1,50.0,16.0,8,2631.8054639353572,388.1718973355984
C,1,1,1,0,6.0,5000,0,0,2048.0,13489,realme,128.0,33.0,0,0,dimensity,2,1,50.0,8.0,8,2631.8054639353572,391.6377178475234
Narzo,1,1,0,0,4.0,4500,0,0,1024.0,12999,realme,64.0,33.0,0,0,helio,3,1,64.0,16.0,8,2686.6335812685734,407.683396247128
Other,1,1,0,0,6.0,5000,0,0,256.0,12990,realme,128.0,30.0,0,1,helio,4,1,64.0,16.0,8,2631.8054639353572,411.2196037398995
C,1,1,0,0,4.0,5000,0,0,1024.0,12990,realme,64.0,67.0,0,0,helio,2,1,50.0,16.0,8,2631.8054639353572,390.4755881209729
Other,1,1,0,0,6.0,5000,0,0,256.0,13999,realme,64.0,30.0,0,0,helio,4,1,64.0,16.0,8,2631.8054639353572,404.89314829774725
P,1,1,1,0,6.0,5000,0,0,2048.0,15999,realme,128.0,45.0,0,0,dimensity,2,1,50.0,16.0,8,2631.8054639353572,394.57353282389164
Narzo,1,1,1,0,6.0,5000,0,0,1024.0,15323,realme,128.0,45.0,0,0,dimensity,2,1,50.0,16.0,8,2631.8054639353572,394.57353282389164
Other,1,1,1,0,8.0,5000,0,0,2048.0,18708,realme,128.0,67.0,0,0,dimensity,3,1,50.0,16.0,8,2631.8054639353572,394.57353282389164
Narzo,1,1,1,0,8.0,5000,0,0,1024.0,16485,realme,128.0,33.0,0,0,dimensity,2,1,64.0,16.0,8,2631.8054639353572,409.3010052776606
P,1,1,1,0,8.0,5000,0,0,2048.0,18398,realme,256.0,45.0,0,0,dimensity,2,1,50.0,16.0,8,2631.8054639353572,394.57353282389164
Narzo,1,1,1,0,8.0,5000,0,0,2048.0,18577,realme,128.0,67.0,0,0,dimensity,3,1,50.0,16.0,8,2631.8054639353572,394.57353282389164
Other,1,1,1,0,6.0,5000,0,0,2048.0,16499,realme,128.0,45.0,0,0,dimensity,2,1,108.0,8.0,8,2631.8054639353572,391.6377178475234
Narzo,1,1,1,0,8.0,5000,0,0,1024.0,16400,realme,128.0,45.0,0,0,dimensity,2,1,50.0,16.0,8,2631.8054639353572,394.57353282389164
P,1,1,1,0,8.0,5000,0,0,2048.0,16949,realme,128.0,45.0,0,0,dimensity,2,1,50.0,16.0,8,2631.8054639353572,394.57353282389164
Other,1,1,1,0,8.0,5000,0,0,1024.0,16990,realme,128.0,80.0,0,0,dimensity,3,1,50.0,16.0,8,2639.102877873464,393.8959519214125
P,1,1,1,0,8.0,5000,0,0,2048.0,17990,realme,128.0,67.0,0,0,dimensity,2,1,108.0,32.0,8,2631.8054639353572,391.6377178475234
Other,1,1,1,0,8.0,5000,0,0,1024.0,17949,realme,256.0,67.0,0,0,dimensity,2,1,108.0,16.0,8,2631.8054639353572,391.6377178475234
Other,1,1,1,0,8.0,5000,0,0,2048.0,16998,realme,128.0,45.0,0,0,dimensity,2,1,108.0,8.0,8,2631.8054639353572,391.6377178475234
Other,1,1,1,0,8.0,5000,0,0,1024.0,17789,realme,128.0,67.0,0,0,dimensity,2,1,108.0,16.0,8,2631.8054639353572,391.6377178475234
Other,1,1,0,0,8.0,5000,0,0,1024.0,16500,realme,128.0,33.0,0,0,helio,2,1,50.0,16.0,8,2631.8054639353572,411.2196037398995
Gt,1,1,1,1,12.0,5500,0,0,0.0,24999,realme,256.0,120.0,0,0,snapdragon,2,1,50.0,32.0,8,3053.8657468854126,450.42267653177174
Other,1,1,1,0,8.0,5000,0,0,0.0,21828,realme,128.0,67.0,0,0,snapdragon,3,1,50.0,16.0,8,2642.7531099215453,394.44076267485747
Other,1,1,1,0,8.0,5000,0,0,0.0,27875,realme,128.0,67.0,0,0,snapdragon,3,1,64.0,32.0,8,2642.7531099215453,394.44076267485747
P,1,1,1,0,8.0,5000,0,0,0.0,21477,realme,128.0,45.0,0,0,snapdragon,2,1,50.0,16.0,8,2631.8054639353572,392.8067856619936
Gt,1,1,1,0,8.0,5000,0,0,0.0,23880,realme,128.0,80.0,0,0,dimensity,3,1,50.0,16.0,8,2642.7531099215453,394.44076267485747
Gt,1,1,1,0,8.0,4500,0,0,0.0,23999,realme,128.0,65.0,0,0,snapdragon,3,1,64.0,16.0,8,2631.8054639353572,409.3010052776606
Other,1,1,1,0,8.0,5000,0,0,0.0,23900,realme,256.0,67.0,0,0,snapdragon,3,1,50.0,16.0,8,2642.7531099215453,394.44076267485747
Other,1,1,1,0,8.0,5000,0,0,2048.0,20615,realme,256.0,67.0,0,0,dimensity,3,1,50.0,16.0,8,2631.8054639353572,394.57353282389164
Other,1,1,1,0,8.0,5000,0,0,0.0,23999,realme,128.0,67.0,0,0,dimensity,2,1,100.0,16.0,8,2642.7531099215453,394.44076267485747
Gt,1,1,1,0,12.0,4500,0,0,0.0,23649,realme,256.0,150.0,0,0,dimensity,3,1,50.0,16.0,8,2642.7531099215453,394.44076267485747
Other,1,1,1,0,8.0,5000,0,0,0.0,29004,realme,256.0,67.0,0,0,snapdragon,3,1,64.0,32.0,8,2642.7531099215453,394.44076267485747
P,1,1,1,0,8.0,5000,0,0,0.0,22799,realme,256.0,45.0,0,0,snapdragon,2,1,50.0,16.0,8,2631.8054639353572,392.8067856619936
Other,1,1,1,0,12.0,5000,0,0,0.0,26999,realme,256.0,67.0,0,0,snapdragon,3,1,50.0,16.0,8,2642.7531099215453,394.44076267485747
Other,1,1,1,0,6.0,5000,0,0,0.0,24150,realme,128.0,67.0,0,0,dimensity,3,1,108.0,16.0,8,2642.7531099215453,394.44076267485747
Gt,1,1,1,1,8.0,5500,0,0,0.0,29999,realme,128.0,120.0,0,0,snapdragon,3,1,50.0,32.0,8,3036.706110245112,450.549867988889
Other,1,1,1,0,12.0,5000,0,0,0.0,30990,realme,256.0,67.0,0,0,snapdragon,3,1,64.0,32.0,8,2642.7531099215453,394.44076267485747
Gt,1,1,1,0,8.0,5000,0,0,0.0,33900,realme,128.0,65.0,0,0,snapdragon,3,1,50.0,32.0,8,3523.670813228727,525.9210168998101
Gt,1,1,1,0,8.0,4800,0,0,0.0,54990,realme,256.0,250.0,0,0,snapdragon,3,1,200.0,32.0,8,3036.706110245112,446.5744279772224
Gt,1,1,1,0,8.0,5000,0,0,0.0,54999,realme,128.0,65.0,0,0,snapdragon,3,1,50.0,32.0,8,3523.670813228727,525.9210168998101
Gt,1,1,1,0,8.0,5000,0,0,0.0,52990,realme,128.0,80.0,0,0,snapdragon,3,1,64.0,32.0,8,3523.670813228727,525.9210168998101
Gt,1,1,1,0,8.0,5000,0,1,0.0,94990,realme,128.0,65.0,0,0,snapdragon,2,1,50.0,16.0,8,2686.6335812685734,335.8291976585717
Fold,1,1,1,0,8.0,5000,1,1,0.0,104990,realme,128.0,67.0,0,0,snapdragon,3,2,50.0,32.0,8,2626.3404196714487,364.76950273214567
Flip,0,1,1,0,8.0,4500,1,1,0.0,89990,realme,128.0,67.0,0,0,snapdragon,2,1,50.0,32.0,8,2741.678318111007,411.0462246043488
Moto,1,1,0,0,8.0,6000,0,0,1024.0,8999,motorola,128.0,30.0,0,0,helio,2,1,50.0,16.0,8,1765.4869016789673,267.49801540590414
Moto,1,1,0,0,8.0,5000,0,0,1024.0,9999,motorola,128.0,33.0,0,0,snapdragon,3,1,50.0,16.0,8,2631.8054639353572,401.8023609061614
Moto,1,1,0,0,4.0,6000,0,0,1024.0,7999,motorola,128.0,30.0,0,0,helio,2,1,50.0,16.0,8,1765.4869016789673,267.49801540590414
Moto,1,1,0,0,4.0,5000,0,0,1024.0,6999,motorola,64.0,15.0,0,0,unisoc,1,1,16.0,5.0,8,1754.5369759569046,267.45990487147935
Moto,1,1,0,0,4.0,6000,0,0,512.0,6999,motorola,64.0,33.0,0,1,snapdragon,3,1,64.0,16.0,8,1754.5369759569046,258.7812648903989
Moto,1,1,0,0,8.0,5000,0,0,1024.0,7999,motorola,128.0,15.0,0,0,unisoc,1,1,16.0,5.0,8,1754.5369759569046,267.45990487147935
Moto,1,1,0,0,4.0,5000,0,0,1024.0,8499,motorola,64.0,20.0,0,1,helio,3,1,50.0,13.0,8,2631.8054639353572,406.7705508400861
Moto,1,1,0,0,4.0,5000,0,0,1024.0,8499,motorola,128.0,20.0,0,1,unisoc,2,1,50.0,8.0,8,2202.9071700822983,338.90879539727666
Moto,1,1,0,0,8.0,5000,0,0,1024.0,7998,motorola,128.0,10.0,1,0,unisoc,1,1,13.0,5.0,8,1754.5369759569046,269.92876553183146
Moto,1,1,0,0,3.0,5000,0,0,1024.0,6999,motorola,64.0,18.0,1,0,helio,2,1,13.0,8.0,8,1754.5369759569046,267.45990487147935
Moto,1,1,0,0,4.0,5000,0,0,1024.0,6999,motorola,64.0,10.0,1,0,unisoc,1,1,13.0,5.0,8,1754.5369759569046,269.92876553183146
Moto,1,1,0,0,4.0,5000,0,0,512.0,8999,motorola,128.0,10.0,0,0,helio,3,1,50.0,8.0,8,1754.5369759569046,269.92876553183146
One,1,1,0,0,4.0,5000,0,0,256.0,8999,motorola,64.0,33.0,0,0,snapdragon,2,1,16.0,12.0,8,2492.1709411675597,401.96305502702575
Moto,1,1,0,0,4.0,5000,0,0,1024.0,8990,motorola,128.0,18.0,0,0,helio,2,1,50.0,8.0,8,1754.5369759569046,263.0490218825944
Moto,1,1,0,0,4.0,5000,0,0,1024.0,6999,motorola,64.0,10.0,0,0,helio,2,1,16.0,8.0,8,1754.5369759569046,269.92876553183146
Moto,1,1,0,0,4.0,5000,0,0,1024.0,6999,motorola,64.0,10.0,0,0,helio,2,1,50.0,8.0,8,1754.5369759569046,269.92876553183146
Moto,1,1,0,0,4.0,5000,0,0,1024.0,7999,motorola,64.0,20.0,0,0,helio,4,1,50.0,16.0,8,1754.5369759569046,268.68866400565156
Moto,1,1,0,0,4.0,5000,0,0,512.0,7090,motorola,64.0,33.0,1,0,snapdragon,2,1,48.0,8.0,8,1754.5369759569046,269.92876553183146
Moto,1,1,0,0,4.0,5000,0,0,1024.0,8990,motorola,64.0,15.0,0,0,unisoc,1,1,50.0,5.0,8,1765.4869016789673,269.1291008656963
Moto,1,1,0,0,4.0,5000,0,0,1024.0,9990,motorola,128.0,15.0,0,0,helio,2,1,50.0,8.0,8,1765.4869016789673,269.1291008656963
Moto,1,1,1,1,8.0,5000,0,0,1024.0,11999,motorola,128.0,18.0,0,0,snapdragon,2,1,50.0,16.0,8,1754.5369759569046,269.92876553183146
Moto,1,1,1,1,4.0,5000,0,0,1024.0,10999,motorola,128.0,18.0,0,0,snapdragon,2,1,50.0,16.0,8,1754.5369759569046,269.92876553183146
Moto,1,1,1,0,8.0,6000,0,0,1024.0,11999,motorola,128.0,18.0,0,0,dimensity,2,1,50.0,8.0,8,2631.8054639353572,399.97043524853456
Moto,1,1,0,0,4.0,5000,0,0,1024.0,9999,motorola,64.0,33.0,0,0,snapdragon,3,1,50.0,16.0,8,2631.8054639353572,401.8023609061614
Moto,1,1,0,0,4.0,5000,0,0,1024.0,10999,motorola,64.0,33.0,0,0,snapdragon,3,1,50.0,16.0,8,2686.6335812685734,407.0656941316021
Moto,0,1,0,0,3.0,5000,0,0,512.0,11999,motorola,32.0,10.0,0,1,helio,3,1,16.0,5.0,8,1754.5369759569046,269.92876553183146
Moto,1,1,0,0,4.0,4020,0,0,1024.0,10990,motorola,64.0,10.0,0,0,helio,2,1,16.0,5.0,8,1754.5369759569046,269.92876553183146
Moto,1,1,0,0,4.0,5000,0,0,1024.0,9990,motorola,64.0,15.0,0,0,helio,2,1,16.0,8.0,8,1754.5369759569046,269.92876553183146
Moto,1,1,0,0,4.0,5000,0,0,1024.0,9999,motorola,64.0,18.0,0,0,helio,3,1,16.0,8.0,8,1754.5369759569046,269.92876553183146
Moto,1,1,0,0,4.0,5000,0,0,1024.0,11999,motorola,64.0,18.0,0,0,unisoc,3,1,16.0,8.0,8,1754.5369759569046,269.92876553183146
Moto,1,1,0,0,4.0,5000,0,0,512.0,10990,motorola,64.0,15.0,0,0,snapdragon,4,1,64.0,13.0,8,1754.5369759569046,269.5141284111989
Moto,1,1,1,1,8.0,6000,0,0,1024.0,14999,motorola,128.0,33.0,0,0,dimensity,2,1,50.0,16.0,8,2631.8054639353572,404.89314829774725
Moto,1,1,1,0,8.0,6000,0,0,1024.0,14999,motorola,128.0,33.0,0,0,dimensity,2,1,50.0,16.0,8,2631.8054639353572,404.89314829774725
Moto,1,1,0,0,6.0,6000,0,0,1024.0,14989,motorola,128.0,20.0,0,0,snapdragon,3,1,108.0,32.0,8,2686.6335812685734,396.2586403050993
Moto,1,1,0,0,4.0,6000,0,0,256.0,12490,motorola,64.0,20.0,0,0,snapdragon,3,1,64.0,16.0,8,2686.6335812685734,396.2586403050993
Moto,1,1,1,0,8.0,6000,0,0,1024.0,14990,motorola,128.0,33.0,0,0,dimensity,2,1,50.0,16.0,8,2631.8054639353572,401.18985730721914
Moto,1,1,0,0,4.0,5000,0,0,1024.0,14990,motorola,128.0,67.0,0,0,snapdragon,3,1,50.0,32.0,8,2631.8054639353572,399.97043524853456
Moto,1,1,0,0,6.0,5000,0,0,1024.0,12990,motorola,128.0,33.0,0,0,helio,2,1,64.0,16.0,8,2202.9071700822983,335.80901982961865
Moto,1,1,1,0,4.0,5000,0,0,1024.0,13990,motorola,64.0,20.0,0,1,snapdragon,3,1,50.0,16.0,8,2631.8054639353572,406.7705508400861
Moto,1,1,0,0,8.0,5000,0,0,1024.0,12990,motorola,128.0,44.0,0,0,snapdragon,3,1,64.0,16.0,8,2631.8054639353572,394.57353282389164
Moto,1,1,0,0,4.0,5000,0,0,1024.0,13990,motorola,128.0,33.0,0,1,helio,3,1,50.0,32.0,8,2631.8054639353572,394.57353282389164
Moto,0,1,0,0,4.0,5000,0,0,512.0,12990,motorola,64.0,15.0,0,0,snapdragon,1,1,50.0,8.0,8,1754.5369759569046,269.92876553183146
Moto,1,1,1,0,4.0,5000,0,0,1024.0,14999,motorola,64.0,33.0,0,0,snapdragon,3,1,50.0,16.0,8,2686.6335812685734,407.0656941316021
Moto,1,1,0,0,4.0,5000,0,0,512.0,12999,motorola,64.0,33.0,1,0,snapdragon,4,1,48.0,8.0,8,1754.5369759569046,269.92876553183146
Moto,1,1,0,0,6.0,5000,0,0,1024.0,12999,motorola,128.0,20.0,0,1,helio,3,1,50.0,13.0,8,2631.8054639353572,406.7705508400861
Moto,0,1,0,0,3.0,5000,0,0,512.0,12990,motorola,32.0,33.0,0,1,helio,3,1,16.0,5.0,8,1754.5369759569046,269.92876553183146
Moto,1,1,1,1,12.0,6000,0,0,1024.0,16999,motorola,256.0,33.0,0,0,dimensity,2,1,50.0,16.0,8,2631.8054639353572,404.89314829774725
Moto,1,1,1,0,12.0,5000,0,0,1024.0,18928,motorola,256.0,30.0,0,0,snapdragon,2,1,50.0,16.0,8,2631.8054639353572,401.8023609061614
Moto,1,1,1,0,12.0,6000,0,0,1024.0,16999,motorola,256.0,33.0,0,0,dimensity,2,1,50.0,16.0,8,2631.8054639353572,404.89314829774725
Moto,1,1,1,0,8.0,5000,0,0,1024.0,17990,motorola,128.0,30.0,0,0,snapdragon,3,1,50.0,16.0,8,2631.8054639353572,398.7584036265693
Moto,1,1,1,0,8.0,4020,0,0,1024.0,19999,motorola,128.0,33.0,0,0,snapdragon,2,1,64.0,32.0,8,2639.102877873464,420.2393117632904
Moto,1,1,1,1,8.0,6000,0,0,1024.0,19990,motorola,128.0,33.0,0,0,dimensity,3,1,50.0,32.0,8,2631.8054639353572,398.7584036265693
Moto,1,1,1,0,8.0,5000,0,0,1024.0,19990,motorola,128.0,44.0,0,0,dimensity,2,1,64.0,32.0,8,2631.8054639353572,401.18985730721914
Moto,1,1,0,0,6.0,5000,0,0,1024.0,16999,motorola,128.0,33.0,0,0,helio,3,1,108.0,16.0,8,2631.8054639353572,401.8023609061614
Moto,1,1,1,0,8.0,5000,0,0,1024.0,15990,motorola,128.0,15.0,0,0,snapdragon,3,1,50.0,16.0,8,2631.8054639353572,401.8023609061614
Moto,1,1,0,0,4.0,5000,0,0,512.0,19999,motorola,128.0,30.0,0,0,helio,3,1,50.0,16.0,8,1754.5369759569046,269.92876553183146
Moto,1,1,1,0,8.0,6000,0,0,1024.0,15990,motorola,128.0,44.0,0,0,dimensity,3,1,50.0,16.0,8,2631.8054639353572,404.89314829774725
Moto,1,1,1,0,4.0,5000,0,0,1024.0,16990,motorola,128.0,18.0,0,1,snapdragon,2,1,50.0,8.0,8,1765.4869016789673,267.49801540590414
Moto,1,1,1,0,6.0,5000,0,0,1024.0,16990,motorola,128.0,33.0,0,0,snapdragon,3,1,64.0,16.0,8,2631.8054639353572,394.57353282389164
Moto,0,1,1,0,4.0,5000,0,0,1024.0,19999,motorola,128.0,30.0,0,0,snapdragon,2,1,50.0,8.0,8,1754.5369759569046,269.92876553183146
Moto,1,1,1,0,4.0,5000,0,0,1024.0,19990,motorola,128.0,15.0,0,1,snapdragon,2,1,48.0,8.0,8,1754.5369759569046,269.92876553183146
Edge,1,1,1,0,8.0,5000,0,0,0.0,20999,motorola,128.0,68.0,0,0,dimensity,2,1,50.0,32.0,8,2631.8054639353572,401.8023609061614
Edge,1,1,1,0,12.0,5000,0,0,0.0,22999,motorola,256.0,68.0,0,0,dimensity,2,1,50.0,32.0,8,2631.8054639353572,401.8023609061614
Edge,1,1,1,0,8.0,4400,0,0,0.0,26999,motorola,256.0,68.0,0,0,dimensity,2,1,50.0,32.0,8,2631.8054639353572,401.8023609061614
Moto,1,1,1,0,12.0,5000,0,0,1024.0,20990,motorola,256.0,67.0,0,0,snapdragon,3,1,50.0,32.0,8,2631.8054639353572,401.18985730721914
Moto,1,1,1,0,12.0,5000,0,0,0.0,29999,motorola,256.0,80.0,0,0,dimensity,2,1,108.0,32.0,8,2631.8054639353572,394.57353282389164
Moto,1,1,1,0,8.0,5000,0,0,1024.0,24999,motorola,256.0,68.0,0,0,dimensity,3,1,50.0,32.0,8,2631.8054639353572,401.18985730721914
Moto,1,1,1,0,12.0,5000,0,0,1024.0,29999,motorola,256.0,30.0,0,0,snapdragon,2,1,50.0,32.0,8,2631.8054639353572,401.8023609061614
Edge,1,1,1,0,8.0,4020,0,0,0.0,21999,motorola,128.0,33.0,0,0,snapdragon,3,1,50.0,32.0,8,2631.8054639353572,404.89314829774725
Moto,0,1,1,0,6.0,5000,0,0,1024.0,28990,motorola,256.0,33.0,0,1,snapdragon,4,1,48.0,16.0,8,2631.8054639353572,387.03021528461136
Edge,1,1,1,0,6.0,4020,0,0,0.0,24999,motorola,128.0,33.0,0,0,snapdragon,3,1,50.0,32.0,8,2631.8054639353572,404.89314829774725
Edge,1,1,1,0,8.0,4000,0,0,0.0,22999,motorola,128.0,30.0,0,0,snapdragon,3,1,108.0,32.0,8,2686.6335812685734,400.9900867565035
Moto,1,1,1,0,6.0,5000,0,0,1024.0,20990,motorola,128.0,30.0,0,0,snapdragon,3,1,50.0,16.0,8,2631.8054639353572,398.7584036265693
Moto,1,1,1,0,6.0,5000,0,0,0.0,23990,motorola,128.0,33.0,0,0,snapdragon,3,1,108.0,16.0,8,2686.6335812685734,395.09317371596666
Moto,1,1,1,0,8.0,5000,0,0,1024.0,25999,motorola,128.0,30.0,0,0,dimensity,2,1,50.0,16.0,8,2631.8054639353572,392.8067856619936
Moto,1,1,1,0,8.0,4500,0,0,1024.0,29990,motorola,128.0,44.0,0,0,snapdragon,3,1,50.0,32.0,8,2639.102877873464,401.07946472241093
Moto,1,1,1,0,6.0,5000,0,0,1024.0,20999,motorola,128.0,20.0,0,1,snapdragon,3,1,48.0,16.0,8,2631.8054639353572,394.57353282389164
Edge,1,1,1,1,8.0,4500,0,0,0.0,31999,motorola,256.0,68.0,0,0,snapdragon,3,1,50.0,50.0,8,2973.7760507476014,443.84717175337335
Edge,1,1,1,1,8.0,5000,0,0,0.0,34990,motorola,128.0,68.0,0,0,snapdragon,2,1,50.0,32.0,8,2631.8054639353572,392.8067856619936
Edge,1,1,1,1,12.0,4500,0,0,0.0,35999,motorola,256.0,125.0,0,0,snapdragon,3,1,50.0,50.0,8,2973.7760507476014,443.84717175337335
Moto,0,1,1,0,8.0,5000,0,0,2048.0,33499,motorola,256.0,30.0,0,0,snapdragon,2,1,50.0,32.0,8,2631.8054639353572,392.8067856619936
Edge,1,1,1,0,8.0,4400,0,0,0.0,30990,motorola,128.0,68.0,0,0,snapdragon,3,1,50.0,32.0,8,2631.8054639353572,401.8023609061614
Edge,1,1,1,0,8.0,4800,0,0,0.0,39990,motorola,128.0,68.0,0,0,snapdragon,3,1,50.0,60.0,8,2631.8054639353572,392.8067856619936
Moto,1,1,1,0,6.0,4600,0,0,0.0,34990,motorola,128.0,67.0,0,0,dimensity,3,1,50.0,16.0,8,2686.6335812685734,408.30297587668286
Moto,1,1,1,0,8.0,4600,0,0,0.0,39999,motorola,128.0,125.0,0,0,snapdragon,3,1,50.0,60.0,8,2631.8054639353572,392.8067856619936
Moto,1,1,1,0,8.0,4020,0,0,0.0,31990,motorola,128.0,68.0,0,0,snapdragon,2,1,64.0,32.0,8,2631.8054639353572,419.0773031744199
Edge,1,1,1,0,12.0,5000,0,0,0.0,37999,motorola,512.0,68.0,0,0,snapdragon,3,1,50.0,60.0,8,2631.8054639353572,392.8067856619936
Edge,1,1,1,0,8.0,4400,0,0,0.0,39990,motorola,256.0,68.0,0,0,dimensity,2,1,50.0,32.0,8,2631.8054639353572,398.7584036265693
Moto,0,1,1,0,6.0,5000,0,0,2048.0,32990,motorola,256.0,20.0,0,0,snapdragon,2,1,50.0,16.0,8,2631.8054639353572,398.7584036265693
Moto,1,1,1,0,8.0,4700,0,0,0.0,39990,motorola,128.0,80.0,0,0,dimensity,3,1,108.0,32.0,8,2686.6335812685734,402.79364037010095
Defy,1,1,1,1,8.0,5000,0,0,0.0,35999,motorola,256.0,33.0,0,0,snapdragon,3,1,50.0,32.0,8,2631.8054639353572,401.18985730721914
Moto,1,1,1,0,8.0,5000,0,0,0.0,34990,motorola,128.0,68.2,0,0,snapdragon,3,1,64.0,16.0,8,2686.6335812685734,402.79364037010095
Moto,0,1,1,0,8.0,5000,0,0,0.0,39990,motorola,256.0,30.0,0,0,dimensity,3,1,50.0,32.0,8,2631.8054639353572,398.7584036265693
Moto,1,1,1,0,8.0,5000,0,0,1024.0,37990,motorola,256.0,15.0,0,0,snapdragon,3,1,50.0,16.0,8,2686.6335812685734,395.09317371596666
Moto,1,1,1,0,12.0,5000,0,0,0.0,49990,motorola,256.0,135.0,0,0,snapdragon,4,1,50.0,50.0,8,2631.8054639353572,387.03021528461136
Moto,1,1,1,0,12.0,5000,0,0,0.0,49990,motorola,256.0,125.0,0,0,snapdragon,3,1,50.0,50.0,8,2631.8054639353572,388.1718973355984
Razr,1,1,1,0,8.0,4200,1,1,0.0,44999,motorola,256.0,30.0,0,0,snapdragon,2,1,64.0,32.0,8,2852.367437761131,413.3865851827726
Edge,0,1,1,0,12.0,5000,0,0,0.0,49999,motorola,256.0,18.0,0,0,snapdragon,3,1,108.0,25.0,8,2577.2077913897438,384.65787931190204
Edge,1,1,1,0,8.0,4500,0,0,0.0,42990,motorola,128.0,68.0,0,0,snapdragon,3,1,50.0,32.0,8,2631.8054639353572,394.57353282389164
Thinkphone,1,1,1,1,8.0,5000,0,0,0.0,49990,motorola,128.0,68.0,0,0,snapdragon,3,2,50.0,32.0,8,2631.8054639353572,398.7584036265693
Moto,1,1,1,0,8.0,4450,0,0,0.0,41990,motorola,128.0,125.0,0,0,snapdragon,3,1,200.0,60.0,8,2631.8054639353572,394.57353282389164
Defy,1,1,1,1,6.0,5000,0,0,1024.0,45990,motorola,128.0,15.0,0,0,dimensity,3,1,50.0,8.0,8,2631.8054639353572,399.97043524853456
Moto,1,1,1,0,12.0,5000,0,0,0.0,46999,motorola,256.0,68.0,0,0,snapdragon,3,3,50.0,60.0,8,2631.8054639353572,392.8067856619936
Nio,1,1,1,0,8.0,5100,0,0,0.0,39999,motorola,128.0,15.0,0,0,snapdragon,3,2,64.0,16.0,8,2741.678318111007,409.2057191210458
Edge,1,1,1,1,8.0,5000,0,0,0.0,55990,motorola,256.0,80.0,0,0,dimensity,3,1,64.0,32.0,8,2631.8054639353572,394.57353282389164
Edge,1,1,1,1,12.0,4600,0,0,0.0,59990,motorola,512.0,150.0,0,0,snapdragon,3,1,50.0,60.0,8,3027.936591145858,445.9405877976227
Razr,1,1,1,0,8.0,4200,1,1,0.0,59990,motorola,128.0,44.0,0,0,snapdragon,3,1,64.0,32.0,8,2852.367437761131,413.3865851827726
Moto,1,1,1,0,12.0,5000,0,0,0.0,54990,motorola,256.0,150.0,0,0,snapdragon,3,1,100.0,50.0,8,2631.8054639353572,385.8952293160348
Edge,1,1,1,0,8.0,5100,0,0,0.0,54990,motorola,512.0,68.0,0,0,snapdragon,3,1,50.0,60.0,8,2631.8054639353572,394.57353282389164
Moto,1,1,1,0,8.0,4450,0,0,0.0,59990,motorola,128.0,125.0,0,0,snapdragon,3,1,200.0,60.0,8,2577.2077913897438,386.38797472110105
Edge,1,1,1,0,8.0,5000,0,0,0.0,54990,motorola,128.0,68.0,0,0,snapdragon,3,1,200.0,60.0,8,2631.8054639353572,392.8067856619936
Frontier,1,1,1,0,8.0,4500,0,0,0.0,59990,motorola,128.0,125.0,0,0,snapdragon,3,1,200.0,60.0,8,2631.8054639353572,392.8067856619936
Edge,1,1,1,1,12.0,4500,0,0,0.0,88990,motorola,512.0,125.0,0,0,snapdragon,3,1,64.0,50.0,8,2973.7760507476014,443.84717175337335
Edge,1,1,1,0,8.0,4610,0,0,0.0,69999,motorola,128.0,125.0,0,0,snapdragon,3,1,200.0,60.0,8,2631.8054639353572,394.57353282389164
Razr,1,1,1,0,8.0,3800,1,1,0.0,69999,motorola,256.0,30.0,0,0,snapdragon,2,1,13.0,32.0,8,2852.367437761131,413.3865851827726
Edge,1,1,1,1,12.0,4600,0,0,0.0,69990,motorola,512.0,150.0,0,0,snapdragon,3,1,200.0,60.0,8,3027.936591145858,443.9789723087768
Rizr,1,1,1,0,12.0,3500,0,0,0.0,159990,motorola,512.0,65.0,0,0,snapdragon,2,1,50.0,32.0,8,2631.8054639353572,526.3610927870715
Razr,1,1,1,0,12.0,4000,1,1,0.0,89990,motorola,256.0,15.0,0,0,snapdragon,2,1,50.0,32.0,8,2852.367437761131,413.3865851827726
Edge,1,1,1,0,12.0,4600,0,0,0.0,79990,motorola,256.0,125.0,0,0,snapdragon,3,1,50.0,60.0,8,2631.8054639353572,394.57353282389164
Razr,1,1,1,0,8.0,3800,1,1,0.0,79990,motorola,256.0,30.0,0,0,snapdragon,2,1,13.0,32.0,8,2852.367437761131,413.3865851827726
Razr,1,1,1,0,8.0,4000,1,1,0.0,74999,motorola,256.0,30.0,0,0,snapdragon,2,1,50.0,32.0,8,2852.367437761131,413.3865851827726
Razr,1,1,1,0,12.0,4000,1,1,0.0,89990,motorola,256.0,15.0,0,0,snapdragon,2,1,50.0,32.0,8,2852.367437761131,413.3865851827726
Razr,1,1,1,0,8.0,3440,1,1,0.0,89990,motorola,128.0,33.0,0,0,snapdragon,3,1,50.0,32.0,8,2631.8054639353572,394.57353282389164
Razr,1,1,1,0,12.0,3500,1,1,0.0,129990,motorola,512.0,33.0,0,0,snapdragon,2,1,50.0,32.0,8,2631.8054639353572,391.0557895892061
Frontier,1,1,1,0,8.0,4500,0,0,0.0,62990,motorola,128.0,125.0,0,0,snapdragon,3,1,200.0,60.0,8,2631.8054639353572,394.57353282389164
Razr,1,1,1,0,12.0,2800,0,1,0.0,94990,motorola,512.0,33.0,0,0,snapdragon,2,1,50.0,32.0,8,2631.8054639353572,392.8067856619936
Razr,0,1,0,0,6.0,2510,0,1,0.0,149999,motorola,128.0,18.0,0,0,snapdragon,1,1,16.0,5.0,8,2314.203966810186,373.2587043242236
Clover,1,1,0,0,4.0,6000,0,0,1024.0,14999,oneplus,64.0,18.0,0,1,snapdragon,3,1,13.0,8.0,8,1718.1385275931623,263.5181790787059
Nord,1,1,1,0,8.0,5000,0,0,1024.0,20000,oneplus,128.0,80.0,0,0,snapdragon,3,1,50.0,16.0,8,2642.7531099215453,394.44076267485747
Nord,1,1,1,0,8.0,5000,0,0,1024.0,16899,oneplus,128.0,67.0,0,0,snapdragon,3,1,108.0,16.0,8,2631.8054639353572,391.6377178475234
Nord,1,1,1,0,8.0,5000,0,0,1024.0,18879,oneplus,256.0,67.0,0,0,snapdragon,3,1,108.0,16.0,8,2631.8054639353572,391.6377178475234
Nord,1,1,1,0,6.0,5000,0,0,1024.0,16134,oneplus,128.0,33.0,0,0,snapdragon,3,1,64.0,16.0,8,2642.7531099215453,401.0247511261829
Nord,1,1,1,0,6.0,4500,0,0,1024.0,18999,oneplus,128.0,65.0,0,0,dimensity,3,1,64.0,16.0,8,2631.8054639353572,409.3010052776606
Nord,1,1,1,0,4.0,5000,0,0,1024.0,16990,oneplus,64.0,18.0,0,0,snapdragon,3,1,13.0,16.0,8,2631.8054639353572,405.5170206371891
Nord,1,1,1,0,4.0,5000,0,0,0.0,18999,oneplus,128.0,33.0,0,1,dimensity,2,1,50.0,8.0,8,2631.8054639353572,391.6377178475234
Nord,1,1,0,0,8.0,4300,0,0,0.0,19999,oneplus,128.0,30.0,0,0,snapdragon,3,1,48.0,16.0,8,2631.8054639353572,401.8023609061614
Nord,1,1,1,0,4.0,5000,0,0,1024.0,18990,oneplus,64.0,33.0,0,0,dimensity,2,1,48.0,16.0,8,1765.4869016789673,269.1291008656963
Nord,1,1,1,0,8.0,5500,0,0,1024.0,24454,oneplus,128.0,100.0,0,0,snapdragon,2,1,50.0,16.0,8,2642.7531099215453,394.44076267485747
Other,1,1,1,0,8.0,5000,0,0,0.0,29999,oneplus,128.0,100.0,0,0,snapdragon,3,1,50.0,16.0,8,3036.706110245112,450.549867988889
Nord,1,1,1,0,8.0,5000,0,0,1024.0,20065,oneplus,128.0,80.0,0,0,snapdragon,3,1,50.0,16.0,8,2642.7531099215453,394.44076267485747
Nord,1,1,1,0,8.0,5000,0,0,0.0,22592,oneplus,128.0,80.0,0,0,dimensity,3,1,50.0,16.0,8,3036.706110245112,450.549867988889
Nord,1,1,1,0,8.0,5000,0,0,1024.0,20990,oneplus,128.0,67.0,0,0,snapdragon,3,1,108.0,16.0,8,2631.8054639353572,390.4755881209729
Nord,1,1,1,0,8.0,5500,0,0,1024.0,26674,oneplus,256.0,100.0,0,0,snapdragon,2,1,50.0,16.0,8,2642.7531099215453,394.44076267485747
Nord,1,1,1,0,12.0,4500,0,0,0.0,22999,oneplus,256.0,80.0,0,0,dimensity,3,1,50.0,32.0,8,2631.8054639353572,409.3010052776606
Ace,1,1,1,0,12.0,5500,0,0,0.0,23999,oneplus,256.0,100.0,0,0,snapdragon,2,1,50.0,16.0,8,3036.706110245112,450.549867988889
Nord,1,1,1,0,8.0,4500,0,0,1024.0,22499,oneplus,128.0,65.0,0,0,dimensity,3,1,64.0,16.0,8,2631.8054639353572,409.3010052776606
Other,1,1,1,0,8.0,4500,0,0,0.0,29990,oneplus,128.0,65.0,0,0,snapdragon,4,1,48.0,16.0,8,2631.8054639353572,401.8023609061614
Other,1,1,1,0,12.0,4500,0,0,0.0,29990,oneplus,256.0,65.0,0,0,snapdragon,4,1,48.0,16.0,8,2631.8054639353572,401.8023609061614
Nord,1,1,1,0,8.0,5000,0,0,1024.0,29990,oneplus,256.0,80.0,0,0,snapdragon,3,1,50.0,32.0,8,2642.7531099215453,394.44076267485747
Ace,1,1,1,0,8.0,5000,0,0,0.0,22990,oneplus,128.0,15.0,0,0,dimensity,3,1,64.0,16.0,8,2642.7531099215453,401.0247511261829
Other,1,1,1,0,8.0,4500,0,0,0.0,29990,oneplus,128.0,15.0,0,0,snapdragon,3,1,50.0,16.0,8,2631.8054639353572,397.5536954585132
Nord,1,1,1,0,8.0,5000,0,0,1024.0,20999,oneplus,128.0,33.0,0,0,snapdragon,3,1,64.0,16.0,8,2642.7531099215453,401.0247511261829
Nord,1,1,1,0,8.0,5000,0,0,1024.0,22990,oneplus,256.0,80.0,0,0,snapdragon,3,1,50.0,32.0,8,2631.8054639353572,388.1718973355984
Nord,1,1,1,0,8.0,5000,0,0,1024.0,24990,oneplus,128.0,40.0,0,0,snapdragon,3,1,108.0,16.0,8,2631.8054639353572,388.1718973355984
Nord,1,1,1,0,8.0,5000,0,0,1024.0,24990,oneplus,128.0,67.0,0,0,snapdragon,3,1,108.0,16.0,8,2631.8054639353572,391.6377178475234
Nord,1,1,1,0,8.0,5000,0,0,1024.0,24999,oneplus,256.0,33.0,0,0,snapdragon,3,1,64.0,16.0,8,2642.7531099215453,401.0247511261829
Other,1,1,0,0,8.0,3800,0,0,0.0,29990,oneplus,128.0,30.0,1,0,snapdragon,3,1,48.0,16.0,8,2631.8054639353572,401.8023609061614
Nord,1,1,1,0,8.0,5000,0,0,0.0,32999,oneplus,128.0,120.0,0,0,snapdragon,3,1,50.0,32.0,8,3036.706110245112,447.89175667332034
Other,1,1,1,0,8.0,5500,0,0,0.0,35990,oneplus,128.0,100.0,0,0,snapdragon,3,1,50.0,16.0,8,3053.8657468854126,450.42267653177174
Other,1,1,1,0,16.0,5000,0,0,0.0,35609,oneplus,256.0,100.0,0,0,snapdragon,3,1,50.0,16.0,8,3036.706110245112,450.549867988889
Other,1,1,1,0,8.0,5000,0,0,0.0,39888,oneplus,128.0,80.0,0,0,snapdragon,3,1,50.0,32.0,8,3523.670813228727,525.9210168998101
Ace,1,1,1,0,12.0,5500,0,0,0.0,30999,oneplus,256.0,100.0,0,0,snapdragon,3,1,50.0,16.0,8,3053.8657468854126,450.42267653177174
Other,1,1,1,0,8.0,5000,0,0,0.0,30999,oneplus,128.0,80.0,0,0,dimensity,3,1,50.0,16.0,8,2642.7531099215453,394.44076267485747
Other,1,1,1,0,8.0,4800,0,0,0.0,33990,oneplus,128.0,150.0,0,0,snapdragon,3,1,50.0,16.0,8,2642.7531099215453,394.44076267485747
Nord,1,1,1,0,12.0,4500,0,0,0.0,34999,oneplus,256.0,65.0,0,0,dimensity,3,1,50.0,32.0,8,2631.8054639353572,409.3010052776606
Nord,1,1,1,0,8.0,5000,0,0,0.0,34999,oneplus,128.0,120.0,0,0,dimensity,3,1,64.0,32.0,8,2631.8054639353572,400.5792182550011
Other,1,1,1,0,12.0,4500,0,0,0.0,32990,oneplus,256.0,15.0,0,0,snapdragon,3,1,50.0,16.0,8,2631.8054639353572,401.8023609061614
Ace,1,1,1,0,12.0,5000,0,0,0.0,34990,oneplus,256.0,150.0,0,0,snapdragon,3,1,50.0,16.0,8,3036.706110245112,450.549867988889
Nord,1,1,1,0,8.0,4500,0,0,0.0,29990,oneplus,128.0,80.0,0,0,dimensity,3,1,50.0,32.0,8,2631.8054639353572,409.3010052776606
Ace,1,1,1,0,12.0,5000,0,0,0.0,34999,oneplus,256.0,100.0,0,0,snapdragon,3,1,50.0,16.0,8,3036.706110245112,450.549867988889
Other,1,1,1,0,16.0,5500,0,0,0.0,42437,oneplus,256.0,100.0,0,0,snapdragon,3,1,50.0,16.0,8,3053.8657468854126,450.42267653177174
Other,1,1,1,0,8.0,5000,0,0,0.0,43889,oneplus,128.0,100.0,0,0,snapdragon,3,1,50.0,16.0,8,3523.670813228727,525.9210168998101
Other,1,1,1,0,8.0,5500,0,0,0.0,40108,oneplus,256.0,100.0,0,0,snapdragon,3,1,50.0,16.0,8,3053.8657468854126,450.42267653177174
Other,1,1,1,0,8.0,5500,0,0,0.0,45990,oneplus,256.0,120.0,0,0,snapdragon,3,1,50.0,32.0,8,3036.706110245112,445.9186652342309
Other,1,1,1,0,12.0,5000,0,0,0.0,47998,oneplus,256.0,80.0,0,0,snapdragon,3,1,50.0,32.0,8,3523.670813228727,525.9210168998101
Ace,1,1,1,1,12.0,6100,0,0,0.0,49990,oneplus,256.0,100.0,0,0,snapdragon,3,1,64.0,32.0,8,3130.8145904859966,459.0637229451608
Other,1,1,1,0,12.0,4500,0,0,0.0,46990,oneplus,256.0,65.0,0,0,snapdragon,4,1,48.0,16.0,8,3523.670813228727,525.9210168998101
Other,1,1,1,0,8.0,4500,0,0,0.0,41990,oneplus,128.0,65.0,0,0,snapdragon,4,1,48.0,16.0,8,3523.670813228727,525.9210168998101
Other,1,1,1,1,8.0,5000,0,0,0.0,49990,oneplus,128.0,150.0,0,0,snapdragon,3,1,50.0,16.0,8,2642.7531099215453,393.2668318335633
Ace,1,1,1,0,12.0,4800,0,0,0.0,47990,oneplus,256.0,150.0,0,0,snapdragon,3,1,50.0,16.0,8,2642.7531099215453,394.44076267485747
Other,1,1,1,0,16.0,4800,0,0,0.0,43299,oneplus,256.0,150.0,0,0,snapdragon,3,1,50.0,16.0,8,2642.7531099215453,394.44076267485747
Other,1,1,1,0,8.0,4500,0,0,0.0,44990,oneplus,128.0,15.0,0,0,snapdragon,3,1,50.0,16.0,8,2642.7531099215453,399.20741841715187
Rt,1,1,1,0,12.0,4500,0,0,0.0,42999,oneplus,256.0,65.0,0,0,snapdragon,3,1,50.0,16.0,8,2631.8054639353572,397.5536954585132
Other,1,1,1,1,12.0,5400,0,0,0.0,58699,oneplus,256.0,100.0,0,0,snapdragon,3,1,64.0,32.0,8,3479.9172403952366,510.2517947793602
Other,1,1,1,0,16.0,5000,0,0,0.0,50999,oneplus,256.0,100.0,0,0,snapdragon,3,1,50.0,16.0,8,3523.670813228727,525.9210168998101
Other,1,1,1,0,16.0,5000,0,0,0.0,58990,oneplus,256.0,100.0,0,0,snapdragon,3,1,50.0,16.0,8,3523.670813228727,525.9210168998101
Other,1,1,1,0,8.0,5000,0,0,0.0,59990,oneplus,128.0,120.0,0,0,snapdragon,3,1,64.0,32.0,8,3523.670813228727,525.9210168998101
Other,1,1,1,0,8.0,4800,0,0,0.0,55999,oneplus,128.0,150.0,0,0,snapdragon,3,1,50.0,16.0,8,2642.7531099215453,394.44076267485747
Other,1,1,1,0,12.0,4800,0,0,0.0,54999,oneplus,256.0,150.0,0,0,snapdragon,3,1,50.0,16.0,8,2642.7531099215453,394.44076267485747
Other,1,1,1,1,16.0,5400,0,0,0.0,63359,oneplus,512.0,100.0,0,0,snapdragon,3,1,64.0,32.0,8,3479.9172403952366,510.2517947793602
Other,1,1,1,1,12.0,5500,0,0,0.0,64990,oneplus,256.0,120.0,0,0,snapdragon,3,1,50.0,50.0,8,3479.9172403952366,511.75253535224067
Other,1,1,1,1,12.0,4800,0,0,0.0,69999,oneplus,256.0,100.0,0,0,snapdragon,3,1,108.0,32.0,8,3703.423281235889,550.2857773010236
Open,1,1,1,0,16.0,4805,1,1,0.0,129990,oneplus,512.0,67.0,0,0,snapdragon,3,2,64.0,32.0,8,3331.279634014533,425.9948381092753
Other,1,1,1,1,12.0,4800,0,0,0.0,70990,oneplus,256.0,200.0,0,0,snapdragon,3,1,200.0,32.0,8,3703.423281235889,546.2276226011636
Other,1,1,1,0,8.0,4500,0,0,0.0,69999,oneplus,128.0,100.0,0,0,snapdragon,3,1,50.0,16.0,8,3523.670813228727,525.9210168998101
Other,1,1,1,0,16.0,5000,0,0,0.0,59990,oneplus,256.0,100.0,0,0,snapdragon,3,1,50.0,16.0,8,3523.670813228727,525.9210168998101
V,0,1,1,0,12.0,4500,1,1,0.0,79990,oneplus,256.0,67.0,0,0,dimensity,2,1,50.0,32.0,8,2741.678318111007,404.37733305472074
Other,1,1,1,0,12.0,5000,0,0,0.0,74999,oneplus,512.0,80.0,0,0,snapdragon,3,1,50.0,32.0,8,3523.670813228727,525.9210168998101
Other,1,1,1,0,12.0,4000,0,0,0.0,62999,oneplus,256.0,15.0,0,0,snapdragon,3,1,48.0,16.0,8,3436.2770551863246,515.1839662948013
Other,1,1,1,0,16.0,5000,0,0,0.0,64990,oneplus,256.0,100.0,0,0,snapdragon,3,1,50.0,16.0,8,3523.670813228727,525.9210168998101
Other,1,1,1,0,16.0,5000,0,0,0.0,64990,oneplus,256.0,100.0,0,0,snapdragon,3,1,50.0,16.0,8,3523.670813228727,525.9210168998101
Other,1,1,1,0,8.0,5000,0,0,0.0,69999,oneplus,128.0,80.0,0,0,snapdragon,3,1,50.0,32.0,8,3523.670813228727,525.9210168998101
Other,1,1,0,0,4.0,5000,0,0,1024.0,7699,xiaomi,128.0,18.0,0,0,helio,3,1,50.0,8.0,8,1754.5369759569046,260.31705874731523
Other,1,1,0,0,3.0,5000,0,0,1024.0,6999,xiaomi,64.0,10.0,0,0,helio,2,1,8.0,5.0,8,1800.2499826412998,268.2935890672578
Other,1,1,0,0,6.0,5000,0,0,1024.0,8499,xiaomi,128.0,18.0,0,0,helio,3,1,50.0,8.0,8,1754.5369759569046,260.31705874731523
Other,1,1,0,0,4.0,5000,0,0,1024.0,9999,xiaomi,64.0,18.0,1,0,helio,2,1,50.0,8.0,8,1800.2499826412998,265.52359625977874
Other,1,1,0,0,4.0,5000,0,0,1024.0,9190,xiaomi,128.0,18.0,0,0,helio,3,1,50.0,8.0,8,2686.6335812685734,395.6750487877133
Other,1,1,0,0,4.0,5000,0,0,512.0,7900,xiaomi,64.0,10.0,1,0,helio,2,1,8.0,5.0,8,1754.5369759569046,269.1007631835743
Other,1,1,0,0,4.0,5000,0,0,512.0,7689,xiaomi,64.0,18.0,1,0,helio,1,1,13.0,5.0,8,1754.5369759569046,268.68866400565156
Other,1,1,0,0,6.0,5000,0,0,1024.0,9999,xiaomi,128.0,18.0,0,0,helio,3,1,50.0,8.0,8,2686.6335812685734,395.6750487877133
Other,1,1,0,0,6.0,5000,0,0,1024.0,8999,xiaomi,128.0,10.0,0,0,helio,2,1,8.0,5.0,8,1800.2499826412998,268.2935890672578
Other,1,1,0,0,4.0,5000,0,0,1024.0,7890,xiaomi,128.0,10.0,0,0,helio,2,1,8.0,5.0,8,1800.2499826412998,268.2935890672578
Other,1,1,0,0,6.0,5000,0,0,512.0,9998,xiaomi,128.0,18.0,0,0,helio,3,1,50.0,8.0,8,2631.8054639353572,399.97043524853456
Other,1,1,0,0,4.0,6000,0,0,512.0,8990,xiaomi,64.0,18.0,1,0,snapdragon,2,1,50.0,5.0,8,1754.5369759569046,261.871190441329
Note,1,1,0,0,4.0,4000,0,0,1024.0,9990,xiaomi,64.0,18.0,1,0,helio,4,1,48.0,13.0,8,2577.2077913897438,409.08060180789585
Other,1,1,0,0,6.0,5000,0,0,1024.0,8499,xiaomi,128.0,18.0,1,0,helio,2,1,50.0,5.0,8,1800.2499826412998,268.2935890672578
Other,1,1,0,0,2.0,2100,0,0,0.0,9990,xiaomi,64.0,18.0,0,0,unisoc,1,1,13.0,0.0,4,1550.9274644547372,310.18549289094744
Other,1,1,0,0,4.0,5000,0,0,1024.0,7990,xiaomi,64.0,10.0,1,0,helio,2,1,8.0,5.0,8,1754.5369759569046,269.1007631835743
Other,1,1,0,0,4.0,5000,0,0,512.0,9999,xiaomi,64.0,18.0,1,0,helio,2,1,13.0,5.0,8,1754.5369759569046,268.68866400565156
Other,1,1,0,0,4.0,5000,0,0,1024.0,8980,xiaomi,128.0,18.0,1,0,helio,2,1,50.0,5.0,8,1800.2499826412998,268.2935890672578
Other,1,1,0,0,6.0,5000,0,0,512.0,7990,xiaomi,128.0,18.0,1,0,helio,1,1,13.0,5.0,8,1754.5369759569046,268.68866400565156
Other,1,1,0,0,2.0,5000,0,0,512.0,7699,xiaomi,32.0,18.0,1,0,helio,1,1,13.0,5.0,8,1754.5369759569046,268.68866400565156
Note,1,1,1,0,4.0,5000,0,0,1024.0,11159,xiaomi,128.0,33.0,0,0,snapdragon,3,1,48.0,13.0,8,2631.8054639353572,394.57353282389164
Other,1,1,1,0,4.0,5000,0,0,1024.0,10499,xiaomi,128.0,18.0,0,0,dimensity,2,1,50.0,5.0,8,1754.5369759569046,260.31705874731523
Other,1,1,1,0,4.0,5000,0,0,1024.0,11350,xiaomi,128.0,18.0,0,0,snapdragon,2,1,50.0,8.0,8,2686.6335812685734,395.6750487877133
Other,1,1,1,0,6.0,5000,0,0,1024.0,11999,xiaomi,128.0,18.0,0,0,dimensity,2,1,50.0,5.0,8,1754.5369759569046,260.31705874731523
Other,1,1,0,0,8.0,5000,0,0,1024.0,10269,xiaomi,256.0,18.0,0,0,helio,3,1,50.0,8.0,8,1754.5369759569046,260.31705874731523
Note,1,1,0,0,6.0,5000,0,0,1024.0,11489,xiaomi,64.0,33.0,0,0,snapdragon,3,1,50.0,13.0,8,2631.8054639353572,394.57353282389164
Note,1,1,0,0,6.0,5000,0,0,512.0,11425,xiaomi,128.0,33.0,0,0,snapdragon,4,1,50.0,13.0,8,2631.8054639353572,409.3010052776606
Other,1,1,0,0,6.0,5000,0,0,1024.0,9998,xiaomi,128.0,18.0,0,0,helio,3,1,50.0,8.0,8,2686.6335812685734,395.6750487877133
Note,1,1,1,0,4.0,5000,0,0,1024.0,11990,xiaomi,128.0,18.0,0,0,snapdragon,2,1,50.0,5.0,8,2686.6335812685734,395.6750487877133
Other,1,1,1,0,4.0,5000,0,0,512.0,10490,xiaomi,64.0,18.0,0,0,dimensity,2,1,50.0,5.0,8,2639.102877873464,401.07946472241093
Other,1,1,0,0,4.0,4030,0,0,256.0,11499,xiaomi,64.0,18.0,1,0,snapdragon,3,1,48.0,32.0,8,1718.1385275931623,282.58857361729645
Note,1,1,0,0,4.0,5000,0,0,512.0,10999,xiaomi,64.0,33.0,0,0,snapdragon,4,1,50.0,13.0,8,2631.8054639353572,409.3010052776606
Other,1,1,1,0,4.0,5000,0,0,1024.0,11999,xiaomi,128.0,18.0,0,0,dimensity,2,1,50.0,5.0,8,1754.5369759569046,260.31705874731523
Other,1,1,0,0,6.0,6000,0,0,512.0,10490,xiaomi,128.0,18.0,1,0,snapdragon,2,1,50.0,5.0,8,1754.5369759569046,261.871190441329
Other,1,1,0,0,4.0,6000,0,0,512.0,10990,xiaomi,64.0,18.0,0,0,helio,4,1,50.0,8.0,8,2631.8054639353572,404.89314829774725
Other,1,1,0,0,8.0,6000,0,0,1024.0,10949,xiaomi,128.0,18.0,0,1,snapdragon,2,1,50.0,5.0,8,1800.2499826412998,268.6940272598955
Other,1,1,1,0,8.0,5000,0,0,1024.0,14999,xiaomi,128.0,44.0,0,0,snapdragon,2,1,108.0,16.0,8,2686.6335812685734,393.93454270800197
Other,1,1,1,0,8.0,5000,0,0,1024.0,13999,xiaomi,256.0,18.0,0,0,snapdragon,2,1,50.0,8.0,8,2686.6335812685734,395.6750487877133
Other,1,1,1,0,6.0,5000,0,0,1024.0,12120,xiaomi,128.0,18.0,0,0,snapdragon,2,1,50.0,8.0,8,2686.6335812685734,395.6750487877133
Other,1,1,1,0,8.0,5000,0,0,1024.0,13999,xiaomi,256.0,18.0,0,0,dimensity,2,1,50.0,5.0,8,1754.5369759569046,260.31705874731523
Note,1,1,1,0,6.0,5000,0,0,1024.0,12239,xiaomi,128.0,33.0,0,0,snapdragon,3,1,48.0,13.0,8,2631.8054639353572,394.57353282389164
Note,1,1,0,0,6.0,5000,0,0,512.0,12428,xiaomi,128.0,33.0,0,0,snapdragon,4,1,50.0,13.0,8,2631.8054639353572,409.3010052776606
Note,1,1,0,0,6.0,5000,0,0,512.0,13490,xiaomi,64.0,33.0,0,1,helio,4,1,64.0,13.0,8,2631.8054639353572,409.3010052776606
Other,1,1,1,0,6.0,5000,0,0,1024.0,12499,xiaomi,128.0,33.0,0,0,snapdragon,2,1,64.0,8.0,8,2686.6335812685734,393.93454270800197
Other,1,1,0,0,4.0,4050,0,0,256.0,13999,xiaomi,64.0,18.0,1,0,snapdragon,4,1,48.0,32.0,8,2631.8054639353572,403.03299600847737
Note,1,1,1,0,4.0,5000,0,0,512.0,12990,xiaomi,128.0,18.0,0,0,dimensity,2,1,13.0,5.0,8,2631.8054639353572,399.97043524853456
Note,1,1,1,0,4.0,5000,0,0,1024.0,13990,xiaomi,64.0,18.0,0,0,dimensity,3,1,48.0,8.0,8,2631.8054639353572,404.89314829774725
Other,1,1,0,0,6.0,6000,0,0,512.0,12990,xiaomi,128.0,18.0,1,0,snapdragon,4,1,48.0,8.0,8,2577.2077913897438,394.6719435512624
Note,1,1,1,0,4.0,5000,0,0,0.0,13990,xiaomi,128.0,18.0,0,0,dimensity,2,1,50.0,5.0,8,2639.102877873464,401.07946472241093
Note,1,1,0,0,8.0,5000,0,0,512.0,13999,xiaomi,128.0,33.0,0,0,helio,4,1,108.0,16.0,8,2631.8054639353572,409.3010052776606
Note,1,1,0,0,4.0,4000,0,0,512.0,12990,xiaomi,64.0,18.0,1,0,snapdragon,4,1,48.0,13.0,8,2522.8555249954366,400.4532579357836
Note,1,1,0,0,6.0,5000,0,0,1024.0,13999,xiaomi,128.0,33.0,0,0,snapdragon,3,1,50.0,13.0,8,2631.8054639353572,394.57353282389164
Note,1,1,0,0,6.0,5000,0,0,1024.0,14999,xiaomi,128.0,67.0,0,0,snapdragon,4,1,108.0,16.0,8,2631.8054639353572,394.57353282389164
Note,1,1,1,1,6.0,5000,0,0,1024.0,15898,xiaomi,128.0,33.0,0,0,dimensity,3,1,108.0,16.0,8,2631.8054639353572,394.57353282389164
Note,1,1,1,1,8.0,5000,0,0,1024.0,18377,xiaomi,256.0,33.0,0,0,dimensity,3,1,108.0,16.0,8,2631.8054639353572,394.57353282389164
Note,1,1,1,1,12.0,5000,0,0,1024.0,20075,xiaomi,256.0,33.0,0,0,dimensity,3,1,108.0,16.0,8,2631.8054639353572,394.57353282389164
Note,1,1,0,0,4.0,6000,0,0,1024.0,17990,xiaomi,128.0,67.0,0,0,helio,3,1,50.0,16.0,8,2686.6335812685734,402.79364037010095
Note,1,1,1,0,8.0,5000,0,0,1024.0,17975,xiaomi,256.0,33.0,0,0,snapdragon,3,1,48.0,13.0,8,2631.8054639353572,394.57353282389164
Note,1,1,1,0,6.0,5200,0,0,512.0,19999,xiaomi,128.0,33.0,0,0,snapdragon,4,1,108.0,32.0,8,2631.8054639353572,394.57353282389164
Note,1,1,0,0,8.0,5000,0,0,1024.0,15990,xiaomi,128.0,80.0,0,0,dimensity,3,1,64.0,32.0,8,2704.958410031474,401.9254695440526
Note,1,1,0,0,8.0,5000,0,0,512.0,14999,xiaomi,128.0,33.0,0,0,helio,4,1,108.0,16.0,8,2631.8054639353572,409.3010052776606
Note,1,1,0,0,6.0,5020,0,0,512.0,16890,xiaomi,128.0,33.0,0,0,snapdragon,4,1,64.0,16.0,8,2631.8054639353572,394.57353282389164
Note,1,1,0,0,6.0,5000,0,0,1024.0,15990,xiaomi,128.0,33.0,0,0,snapdragon,3,1,108.0,16.0,8,2631.8054639353572,394.57353282389164
Note,1,1,1,0,8.0,5000,0,0,1024.0,18390,xiaomi,128.0,33.0,0,0,dimensity,2,1,50.0,16.0,8,2631.8054639353572,398.7584036265693
Note,1,1,1,0,6.0,5000,0,0,1024.0,17990,xiaomi,64.0,67.0,0,0,snapdragon,3,1,108.0,16.0,8,2631.8054639353572,394.57353282389164
Note,1,1,0,0,6.0,5000,0,0,512.0,15499,xiaomi,128.0,33.0,0,1,snapdragon,4,1,48.0,13.0,8,2631.8054639353572,409.3010052776606
Note,1,1,0,0,4.0,5020,0,0,512.0,15999,xiaomi,128.0,18.0,0,1,snapdragon,4,1,48.0,16.0,8,2631.8054639353572,394.57353282389164
Note,1,1,1,0,8.0,5080,0,0,1024.0,18499,xiaomi,128.0,67.0,0,0,dimensity,3,1,64.0,16.0,8,2686.6335812685734,412.69333045600206
Note,1,1,1,0,6.0,5080,0,0,1024.0,19990,xiaomi,128.0,67.0,0,0,dimensity,3,1,64.0,16.0,8,2686.6335812685734,407.0656941316021
Other,1,1,0,0,4.0,6000,0,0,512.0,14990,xiaomi,128.0,18.0,1,0,snapdragon,2,1,50.0,5.0,8,1754.5369759569046,261.871190441329
Note,1,1,0,0,6.0,5000,0,0,512.0,14999,xiaomi,64.0,33.0,0,0,snapdragon,4,1,50.0,16.0,8,2631.8054639353572,409.3010052776606
Turbo,1,1,1,0,12.0,5000,0,0,0.0,23990,xiaomi,256.0,90.0,0,0,snapdragon,2,1,50.0,20.0,8,2973.7760507476014,445.8434858692056
Note,1,1,1,0,8.0,5100,0,0,0.0,22297,xiaomi,128.0,67.0,0,0,snapdragon,3,1,200.0,16.0,8,2973.7760507476014,445.8434858692056
Note,1,1,1,0,8.0,5000,0,0,0.0,28517,xiaomi,256.0,120.0,0,0,dimensity,3,1,200.0,16.0,8,2973.7760507476014,445.8434858692056
Note,1,1,1,0,8.0,5000,0,0,0.0,24990,xiaomi,256.0,150.0,0,0,dimensity,3,1,108.0,32.0,8,2631.8054639353572,390.4755881209729
Note,1,1,1,0,8.0,5100,0,0,0.0,24329,xiaomi,256.0,67.0,0,0,snapdragon,3,1,200.0,16.0,8,2973.7760507476014,445.8434858692056
Note,1,1,1,1,12.0,5000,0,0,1024.0,20048,xiaomi,256.0,33.0,0,0,dimensity,3,1,108.0,16.0,8,2631.8054639353572,394.57353282389164
Note,1,1,1,0,12.0,5100,0,0,0.0,26479,xiaomi,256.0,67.0,0,0,snapdragon,3,1,200.0,16.0,8,2973.7760507476014,445.8434858692056
Note,1,1,1,0,12.0,5000,0,0,0.0,27990,xiaomi,256.0,67.0,0,0,snapdragon,3,1,64.0,16.0,8,2631.8054639353572,394.57353282389164
Note,1,1,1,0,6.0,5000,0,0,0.0,24890,xiaomi,128.0,67.0,0,0,dimensity,3,1,50.0,16.0,8,2631.8054639353572,394.57353282389164
Other,1,1,1,0,12.0,5500,0,0,0.0,23999,xiaomi,256.0,90.0,0,0,dimensity,3,1,64.0,16.0,8,2973.7760507476014,445.8434858692056
Other,1,1,1,0,12.0,5000,0,0,0.0,29990,xiaomi,256.0,120.0,0,0,snapdragon,3,1,50.0,16.0,8,3509.073951913809,526.0980437651888
Note,1,1,1,0,8.0,5000,0,0,0.0,23990,xiaomi,128.0,15.0,0,0,dimensity,3,1,108.0,32.0,8,2686.6335812685734,400.392486031084
Other,1,1,1,0,6.0,4520,0,0,0.0,22499,xiaomi,128.0,33.0,0,0,snapdragon,3,1,48.0,20.0,8,2631.8054639353572,394.57353282389164
Other,1,1,1,0,6.0,5080,0,0,0.0,27999,xiaomi,128.0,67.0,0,0,dimensity,3,1,64.0,16.0,8,2686.6335812685734,407.0656941316021
Note,1,1,1,0,8.0,4980,0,0,0.0,27999,xiaomi,256.0,120.0,0,0,dimensity,3,1,200.0,16.0,8,2631.8054639353572,394.57353282389164
Note,1,1,1,0,8.0,5000,0,0,0.0,23999,xiaomi,256.0,67.0,0,0,dimensity,3,1,50.0,16.0,8,2631.8054639353572,394.57353282389164
Other,1,1,1,0,8.0,4250,0,0,1024.0,24449,xiaomi,128.0,33.0,0,0,snapdragon,3,1,64.0,20.0,8,2631.8054639353572,401.8023609061614
Other,1,1,1,0,6.0,5160,0,0,1024.0,24999,xiaomi,128.0,67.0,0,0,dimensity,3,1,108.0,16.0,8,2631.8054639353572,394.57353282389164
Note,1,1,0,0,8.0,5000,0,0,1024.0,23990,xiaomi,256.0,67.0,0,0,helio,3,1,200.0,16.0,8,2631.8054639353572,394.57353282389164
Camon,1,1,1,0,12.0,5000,0,0,0.0,34990,other,512.0,70.0,0,0,dimensity,3,1,50.0,50.0,8,3053.8657468854126,451.0879980628379
Phantom,1,1,1,0,8.0,5160,0,0,0.0,36898,other,256.0,45.0,0,0,dimensity,3,1,64.0,32.0,8,2631.8054639353572,387.03021528461136
Phantom,1,1,1,0,12.0,5160,0,0,0.0,44949,other,256.0,45.0,0,0,dimensity,3,1,50.0,32.0,8,2631.8054639353572,387.03021528461136
Phantom,1,1,1,1,12.0,5500,0,0,0.0,49990,other,256.0,67.0,0,0,dimensity,3,1,50.0,32.0,8,2631.8054639353572,385.8952293160348
Phantom,1,1,1,1,12.0,5500,0,0,0.0,54990,other,256.0,67.0,0,0,dimensity,3,1,50.0,32.0,8,2631.8054639353572,385.8952293160348
Phantom,1,1,1,0,8.0,4000,1,1,0.0,54999,other,256.0,45.0,0,0,dimensity,2,1,64.0,32.0,8,2852.367437761131,413.3865851827726
Phantom,1,1,1,1,12.0,5500,0,0,0.0,52990,other,256.0,80.0,0,0,dimensity,3,1,64.0,32.0,8,3882.4734384152584,568.444134467827
Phantom,1,1,1,1,12.0,5500,0,0,0.0,59990,other,256.0,120.0,0,0,dimensity,3,1,108.0,32.0,8,3882.4734384152584,570.951976237538
Phantom,1,1,1,0,12.0,5000,1,1,0.0,74999,other,512.0,45.0,0,0,dimensity,3,2,50.0,32.0,8,3044.9328399818605,387.88953375565103
Phantom,1,1,1,0,12.0,5000,1,1,0.0,69899,other,512.0,45.0,0,0,dimensity,3,2,50.0,32.0,8,3044.9328399818605,387.88953375565103
Phantom,1,1,1,0,12.0,5000,1,1,0.0,89990,other,256.0,66.0,0,0,dimensity,3,2,50.0,32.0,8,3044.9328399818605,385.4345367065646
Phantom,1,1,1,0,12.0,5000,0,0,0.0,99990,other,256.0,66.0,0,0,dimensity,3,1,50.0,32.0,8,2796.2174450496514,393.27952813637853
Phantom,0,1,1,0,8.0,4000,1,0,0.0,89990,other,256.0,66.0,0,0,dimensity,1,1,50.0,32.0,8,2741.678318111007,406.17456564607505
Y,1,1,0,0,3.0,4000,0,0,512.0,11990,huawei,32.0,66.0,1,0,snapdragon,2,1,13.0,8.0,8,1681.903683330291,268.6747097971711
Enjoy,1,1,0,0,6.0,5000,0,0,1024.0,12999,huawei,128.0,22.5,1,0,kirin,3,1,50.0,5.0,8,1754.5369759569046,269.1007631835743
Enjoy,1,1,0,0,6.0,6000,0,0,0.0,14990,huawei,128.0,22.5,1,0,kirin,2,1,13.0,8.0,4,1754.5369759569046,259.93140384546734
Nova,1,1,0,0,8.0,4000,0,0,1024.0,19990,huawei,128.0,66.0,0,0,snapdragon,4,1,108.0,16.0,8,2620.867032109794,386.5585593082292
Enjoy,1,1,0,0,8.0,5000,0,0,1024.0,16990,huawei,128.0,40.0,0,0,snapdragon,2,1,108.0,8.0,8,2620.867032109794,391.1741838969842
Y,1,1,0,0,4.0,5000,0,0,1024.0,18499,huawei,128.0,22.5,0,1,kirin,4,1,48.0,8.0,8,2631.8054639353572,394.57353282389164
Nova,1,1,0,0,8.0,4000,0,0,1024.0,19990,huawei,128.0,40.0,0,1,kirin,3,1,64.0,16.0,8,2631.8054639353572,398.7584036265693
Nova,1,1,0,0,8.0,5000,0,0,0.0,24990,huawei,256.0,40.0,0,0,snapdragon,2,1,108.0,8.0,8,2620.867032109794,391.1741838969842
Nova,1,0,0,0,8.0,4500,0,0,0.0,26990,huawei,256.0,66.0,0,0,snapdragon,2,1,50.0,60.0,8,2644.3902888945877,394.68511774546084
Nova,1,1,0,0,8.0,4500,0,0,0.0,24990,huawei,256.0,66.0,0,1,snapdragon,3,1,108.0,32.0,8,2631.8054639353572,394.57353282389164
Nova,1,0,0,0,8.0,5000,0,0,0.0,23999,huawei,128.0,40.0,0,0,snapdragon,2,1,48.0,16.0,8,2620.867032109794,385.42162236908734
Nova,1,1,0,0,4.0,5000,0,0,1024.0,21990,huawei,64.0,22.5,1,0,snapdragon,3,1,50.0,5.0,8,1754.5369759569046,269.1007631835743
Nova,1,1,0,0,8.0,4500,0,0,1024.0,23999,huawei,256.0,66.0,0,0,snapdragon,3,1,108.0,16.0,8,2414.953415699773,362.0619813642838
Nova,1,1,1,0,8.0,4000,0,0,1024.0,29990,huawei,128.0,66.0,0,0,snapdragon,4,1,108.0,16.0,8,2620.867032109794,386.5585593082292
Nova,1,1,0,0,8.0,6000,0,0,256.0,21990,huawei,128.0,22.5,1,0,kirin,2,1,50.0,8.0,8,1754.5369759569046,259.93140384546734
Nova,1,1,0,0,8.0,4500,0,0,1024.0,22990,huawei,256.0,66.0,0,0,snapdragon,3,1,100.0,32.0,8,2631.8054639353572,394.57353282389164
Nova,1,1,0,0,8.0,6000,0,0,512.0,20990,huawei,128.0,22.5,1,0,kirin,3,1,48.0,8.0,8,1754.5369759569046,259.93140384546734
Nova,1,0,0,0,8.0,4000,0,0,0.0,29990,huawei,128.0,66.0,0,0,snapdragon,3,1,50.0,60.0,8,2631.8054639353572,394.57353282389164
Nova,1,1,0,0,8.0,5000,0,0,1024.0,22990,huawei,128.0,40.0,0,0,snapdragon,3,1,50.0,8.0,8,2620.867032109794,391.1741838969842
Y,1,1,0,0,6.0,4000,0,0,256.0,22999,huawei,128.0,66.0,1,0,kirin,3,1,48.0,16.0,8,2631.8054639353572,417.7468990373583
Nova,1,0,0,0,8.0,4500,0,0,0.0,42990,huawei,128.0,100.0,0,0,snapdragon,3,2,50.0,60.0,8,2910.8596668338378,429.330334341274
Nova,1,1,1,0,8.0,4000,1,1,0.0,59999,huawei,128.0,40.0,0,0,snapdragon,3,1,48.0,10.7,8,2631.8054639353572,391.0557895892061
P,1,1,0,0,8.0,4000,1,1,0.0,59990,huawei,128.0,40.0,0,0,snapdragon,3,1,48.0,10.7,8,2631.8054639353572,391.0557895892061
Pura,1,1,1,0,16.0,5200,0,0,0.0,115990,huawei,512.0,100.0,0,0,kirin,3,1,50.0,13.0,8,3110.6166591208244,457.4436263412977
Pura,1,1,1,0,12.0,5050,0,0,0.0,74990,huawei,256.0,100.0,0,0,kirin,3,1,50.0,13.0,8,3110.6166591208244,457.4436263412977
Pura,1,1,1,0,16.0,5050,0,0,0.0,93990,huawei,512.0,100.0,0,0,kirin,3,1,50.0,13.0,8,3110.6166591208244,457.4436263412977
Mate,1,1,1,1,12.0,5000,0,0,256.0,84990,huawei,256.0,100.0,0,0,kirin,3,2,50.0,16.0,8,2883.123306416151,423.98872153178695
Pura,1,1,1,0,12.0,4900,0,0,0.0,63990,huawei,256.0,66.0,0,0,kirin,3,1,50.0,13.0,8,3032.3482649590233,459.44670681197323
Mate,1,1,1,1,12.0,5000,0,0,256.0,79990,huawei,256.0,88.0,0,0,kirin,3,2,50.0,13.0,8,2883.123306416151,422.745352846943
Mate,1,1,1,0,8.0,4500,0,0,0.0,99990,huawei,256.0,66.0,0,0,kirin,3,1,64.0,13.0,8,3509.073951913809,519.0937798689067
Pura,1,1,1,0,16.0,5500,0,0,0.0,129990,huawei,512.0,120.0,0,0,kirin,3,1,50.0,50.0,8,3718.6018878067603,545.2495436666803
Mate,1,1,1,0,12.0,4750,0,0,256.0,69990,huawei,256.0,100.0,0,0,kirin,3,1,50.0,13.0,8,2950.254226333724,438.37358489356967
Mate,1,1,1,1,16.0,5000,0,0,256.0,134990,huawei,512.0,88.0,0,0,kirin,3,1,48.0,13.0,8,2997.665758552811,439.54043380539747
Mate,1,1,0,0,8.0,4400,0,0,256.0,69990,huawei,128.0,66.0,0,0,kirin,3,2,50.0,13.0,8,3080.6362979098976,455.7154286848961
Mate,1,1,1,0,12.0,4400,0,0,256.0,121999,huawei,256.0,66.0,0,0,kirin,1,2,50.0,13.0,8,3080.6362979098976,455.7154286848961
Mate,1,1,1,0,12.0,4400,0,0,256.0,191999,huawei,512.0,66.0,0,0,kirin,4,2,50.0,13.0,8,3080.6362979098976,455.7154286848961
P,1,1,1,0,8.0,4200,0,0,256.0,82990,huawei,256.0,40.0,0,0,kirin,4,2,50.0,32.0,8,2899.9310336626972,440.71900207639777
Pura,1,1,1,0,12.0,4900,0,0,0.0,69990,huawei,256.0,66.0,0,0,kirin,3,1,108.0,16.0,8,3032.3482649590233,454.6249272802134
Pocket,1,1,0,0,12.0,4520,1,1,0.0,92990,huawei,256.0,66.0,0,0,kirin,4,1,50.0,10.7,8,2920.033561450964,420.7541154828478
Pocket,1,1,0,0,8.0,4520,1,1,0.0,79990,huawei,128.0,66.0,0,0,kirin,2,1,50.0,12.0,8,3032.399050257073,439.4781232256628
Play,1,1,1,0,6.0,5200,0,0,1024.0,9990,honor,128.0,66.0,0,0,snapdragon,1,1,13.0,5.0,8,1765.4869016789673,269.1291008656963
X,1,1,0,0,2.0,5000,0,0,1024.0,8990,honor,32.0,66.0,1,0,helio,1,1,8.0,5.0,8,1754.5369759569046,269.92876553183146
Play,1,1,1,0,4.0,5000,0,0,1024.0,9999,honor,128.0,66.0,1,0,snapdragon,1,1,13.0,5.0,8,1754.5369759569046,269.92876553183146
Play,1,0,0,0,6.0,5000,0,0,512.0,11999,honor,128.0,66.0,1,0,helio,2,1,13.0,5.0,8,1754.5369759569046,269.92876553183146
X,1,1,0,0,2.0,5000,0,0,1024.0,10990,honor,32.0,66.0,0,0,helio,1,1,13.0,5.0,8,1754.5369759569046,267.45990487147935
Play,1,1,1,0,6.0,5000,0,0,1024.0,11990,honor,128.0,22.5,0,0,snapdragon,2,1,13.0,5.0,8,1754.5369759569046,269.92876553183146
X,1,1,0,0,4.0,5000,0,0,1024.0,11999,honor,64.0,10.0,1,0,helio,3,1,50.0,5.0,8,1754.5369759569046,269.92876553183146
X,1,1,0,0,4.0,5200,0,0,1024.0,12990,honor,128.0,22.5,0,0,helio,3,1,50.0,5.0,8,1765.4869016789673,269.1291008656963
X,1,1,1,0,8.0,4800,0,0,0.0,16999,honor,128.0,66.0,0,0,snapdragon,3,1,48.0,16.0,8,2620.867032109794,384.8556581659022
X,1,1,0,0,8.0,4500,0,0,1024.0,17990,honor,128.0,35.0,0,0,snapdragon,3,1,108.0,50.0,8,2642.7531099215453,394.44076267485747
X,1,1,1,0,12.0,4500,0,0,0.0,18990,honor,256.0,35.0,0,0,dimensity,2,1,108.0,8.0,8,2631.8054639353572,392.8067856619936
X,1,1,0,0,6.0,4000,0,0,0.0,16999,honor,128.0,22.5,0,0,snapdragon,4,1,64.0,16.0,8,2620.867032109794,391.1741838969842
X,1,1,1,0,8.0,4500,0,0,0.0,17990,honor,256.0,35.0,0,0,dimensity,2,1,100.0,8.0,8,2620.867032109794,391.1741838969842
Play,1,1,1,0,8.0,4000,0,0,0.0,17990,honor,128.0,40.0,0,0,dimensity,2,1,50.0,8.0,8,2620.867032109794,391.1741838969842
X,1,1,1,0,8.0,4000,0,0,0.0,18990,honor,128.0,40.0,0,0,dimensity,2,1,50.0,8.0,8,2620.867032109794,391.1741838969842
Other,1,1,1,0,8.0,5000,0,0,0.0,25499,honor,256.0,66.0,0,0,snapdragon,3,1,200.0,50.0,8,2921.7967075072147,436.08906082197234
X,1,1,1,0,8.0,5800,0,0,0.0,21999,honor,256.0,35.0,0,0,snapdragon,3,1,108.0,16.0,8,2919.1615234515543,430.5547969692558
Other,1,1,1,0,8.0,4300,0,0,0.0,24990,honor,128.0,66.0,0,0,dimensity,3,1,64.0,16.0,8,2577.2077913897438,386.38797472110105
Other,1,1,1,0,8.0,4500,0,0,0.0,24990,honor,256.0,35.0,0,0,dimensity,3,1,100.0,16.0,8,2620.867032109794,391.1741838969842
X,1,1,1,1,12.0,5800,0,0,0.0,23999,honor,256.0,35.0,0,0,snapdragon,2,1,108.0,8.0,8,2919.1615234515543,430.5547969692558
Other,1,1,1,0,4.0,5330,0,0,0.0,21990,honor,128.0,15.0,0,1,dimensity,3,1,108.0,8.0,8,2642.7531099215453,388.64016322375664
X,1,1,1,1,8.0,4800,0,0,0.0,24990,honor,256.0,66.0,0,0,snapdragon,3,1,50.0,16.0,8,2620.867032109794,391.1741838969842
X,1,1,1,0,6.0,5100,0,0,0.0,23990,honor,128.0,40.0,0,0,snapdragon,2,1,50.0,8.0,8,2631.8054639353572,394.57353282389164
X,1,1,1,0,8.0,4500,0,0,0.0,24990,honor,128.0,67.0,1,0,dimensity,3,1,64.0,8.0,8,2631.8054639353572,371.1996423039996
Phone,1,1,1,0,8.0,4700,0,0,0.0,39999,nothing,128.0,45.0,0,0,snapdragon,2,1,50.0,32.0,8,2642.7531099215453,394.44076267485747
P,1,1,0,0,8.0,5000,0,0,1024.0,7319,other,128.0,18.0,0,0,unisoc,2,1,50.0,8.0,8,1765.4869016789673,267.49801540590414
S,1,0,0,0,8.0,5000,0,0,1024.0,10999,other,128.0,18.0,0,0,helio,2,1,108.0,8.0,8,1765.4869016789673,267.49801540590414
P,1,1,1,0,6.0,5000,0,0,1024.0,10749,other,128.0,18.0,0,0,dimensity,2,1,50.0,8.0,8,1754.5369759569046,265.83893575104617
P,1,1,1,0,4.0,5000,0,0,1024.0,10489,other,64.0,18.0,0,0,dimensity,2,1,50.0,8.0,8,1754.5369759569046,265.83893575104617
P,1,1,0,0,8.0,5000,0,0,1024.0,10999,other,256.0,45.0,0,0,unisoc,2,1,50.0,16.0,8,1791.0890541790488,268.5290935800673
S,1,1,0,0,8.0,5000,0,0,0.0,14499,other,256.0,18.0,0,1,unisoc,2,1,50.0,32.0,8,2631.8054639353572,388.1718973355984
Blaze,1,1,1,0,4.0,5000,0,0,1024.0,8799,lava,128.0,18.0,0,0,dimensity,3,1,50.0,8.0,8,1754.5369759569046,269.92876553183146
Blaze,1,1,1,0,8.0,5000,0,0,1024.0,9799,lava,128.0,18.0,0,0,dimensity,3,1,50.0,8.0,8,1754.5369759569046,269.92876553183146
Yuva,1,1,1,0,8.0,5000,0,0,1024.0,9990,lava,128.0,33.0,0,0,dimensity,2,1,50.0,16.0,8,1754.5369759569046,266.6469568323563
O,1,1,0,0,8.0,5000,0,0,512.0,7999,lava,128.0,18.0,0,0,unisoc,2,1,50.0,8.0,8,1754.5369759569046,269.92876553183146
Blaze,1,1,1,0,6.0,5000,0,0,1024.0,9099,lava,128.0,18.0,0,0,dimensity,3,1,50.0,8.0,8,1754.5369759569046,269.92876553183146
Blaze,1,1,1,0,4.0,5000,0,0,1024.0,9999,lava,64.0,18.0,0,0,dimensity,2,1,50.0,8.0,8,1754.5369759569046,269.92876553183146
Yuva,1,1,0,0,4.0,5000,0,0,512.0,6999,lava,64.0,18.0,0,0,unisoc,3,1,13.0,5.0,8,1754.5369759569046,269.92876553183146
Yuva,1,1,0,0,4.0,5000,0,0,512.0,7299,lava,128.0,18.0,0,0,unisoc,3,1,13.0,5.0,8,1754.5369759569046,269.92876553183146
Yuva,1,1,0,0,8.0,5000,0,0,512.0,8346,lava,128.0,18.0,0,0,unisoc,2,1,50.0,8.0,8,1754.5369759569046,269.92876553183146
Yuva,1,1,0,0,4.0,5000,0,0,256.0,6999,lava,64.0,10.0,1,0,helio,3,1,13.0,5.0,8,1754.5369759569046,269.92876553183146
O,1,1,0,0,6.0,5000,0,0,1024.0,8990,lava,128.0,33.0,0,0,helio,2,1,48.0,16.0,8,1754.5369759569046,261.871190441329
Yuva,1,1,0,0,6.0,5000,0,0,1024.0,8499,lava,128.0,18.0,0,0,helio,2,1,50.0,8.0,8,1754.5369759569046,265.83893575104617
O,1,1,0,0,4.0,5000,0,0,256.0,6999,lava,64.0,18.0,0,0,unisoc,2,1,13.0,5.0,8,1754.5369759569046,267.45990487147935
Blaze,1,1,0,0,8.0,5000,0,0,256.0,9999,lava,128.0,18.0,0,0,unisoc,3,1,50.0,8.0,8,1754.5369759569046,269.92876553183146
Blaze,1,1,0,0,6.0,5000,0,0,1024.0,7949,lava,128.0,18.0,0,0,unisoc,2,1,13.0,8.0,8,1754.5369759569046,269.92876553183146
Blaze,1,1,0,0,6.0,5000,0,0,256.0,8499,lava,128.0,18.0,0,0,helio,3,1,50.0,8.0,8,1754.5369759569046,269.92876553183146
X,1,1,0,0,3.0,5000,0,0,1024.0,7990,lava,64.0,18.0,1,0,helio,2,1,13.0,8.0,8,1754.5369759569046,265.83893575104617
Blaze,1,1,0,0,4.0,5000,0,0,256.0,6999,lava,64.0,18.0,1,0,helio,3,1,13.0,8.0,8,1754.5369759569046,269.92876553183146
Z,1,1,0,0,4.0,4000,0,0,512.0,9999,lava,64.0,7.5,1,0,helio,2,1,50.0,16.0,8,1754.5369759569046,269.5141284111989
Cool,1,1,1,0,6.0,4500,0,0,0.0,23990,other,128.0,18.0,0,0,dimensity,3,1,64.0,16.0,8,2620.867032109794,391.1741838969842
Other,1,1,0,0,2.0,3000,0,0,1024.0,7990,tcl,32.0,10.0,0,0,helio,1,1,5.0,2.0,8,1218.2216547082062,203.0369424513677
Other,1,0,0,0,4.0,5010,0,0,1024.0,9990,tcl,64.0,10.0,0,0,helio,2,1,50.0,5.0,8,1754.5369759569046,259.93140384546734
Other,1,1,0,0,2.0,3000,0,0,1024.0,7999,tcl,32.0,18.0,0,0,helio,1,1,8.0,5.0,4,1073.312629199899,178.88543819998316
Other,1,1,0,0,4.0,5000,0,0,1024.0,9990,tcl,64.0,10.0,1,0,helio,2,1,50.0,8.0,8,1765.4869016789673,267.49801540590414
Ion,1,1,0,0,3.0,3000,0,0,1024.0,8990,tcl,32.0,10.0,0,0,helio,1,1,13.0,5.0,8,1609.9689437998486,268.32815729997475
Other,1,1,0,0,3.0,3000,0,0,512.0,7990,tcl,32.0,18.0,1,0,helio,1,1,13.0,8.0,4,1718.1385275931623,281.6620537037971
Other,1,1,1,0,2.0,5000,0,0,1024.0,10999,tcl,32.0,10.0,0,0,helio,2,1,13.0,5.0,8,1754.5369759569046,265.83893575104617
Other,1,1,1,0,8.0,5010,0,0,1024.0,13999,tcl,128.0,18.0,0,0,dimensity,2,1,50.0,8.0,8,1765.4869016789673,267.49801540590414
Other,1,1,0,0,4.0,5010,0,0,1024.0,13990,tcl,64.0,18.0,0,0,helio,3,1,50.0,8.0,8,1754.5369759569046,265.83893575104617
Other,1,1,0,0,4.0,5000,0,0,1024.0,13999,tcl,128.0,33.0,0,1,helio,2,1,50.0,8.0,8,2686.6335812685734,396.2586403050993
Other,1,1,0,0,4.0,5000,0,0,1024.0,12990,tcl,128.0,18.0,0,0,helio,3,1,50.0,8.0,8,1791.0890541790488,265.3465265450443
Other,1,1,0,0,4.0,5010,0,0,1024.0,13990,tcl,128.0,18.0,0,0,helio,3,1,50.0,8.0,8,1754.5369759569046,259.93140384546734
Other,1,1,1,0,4.0,4500,0,0,1024.0,14990,tcl,64.0,18.0,0,0,dimensity,3,1,13.0,8.0,8,1754.5369759569046,269.1007631835743
Other,1,1,1,0,4.0,5000,0,0,1024.0,13990,tcl,64.0,18.0,0,0,dimensity,3,1,13.0,8.0,8,1765.4869016789673,269.1291008656963
Other,1,1,0,0,6.0,5000,0,0,512.0,14499,tcl,64.0,18.0,1,0,helio,4,1,50.0,13.0,8,1791.0890541790488,262.6230284720013
Other,1,1,0,0,6.0,5000,0,0,1024.0,19990,tcl,128.0,33.0,0,0,dimensity,3,1,50.0,16.0,8,2683.281572999748,394.6002313234923
Other,1,1,1,0,6.0,5010,0,0,1024.0,15990,tcl,128.0,33.0,0,0,dimensity,2,1,50.0,8.0,8,1754.5369759569046,265.83893575104617
Other,1,1,0,0,8.0,5010,0,0,1024.0,17999,tcl,256.0,33.0,0,0,helio,3,1,50.0,32.0,8,2686.6335812685734,396.2586403050993
Other,1,1,1,0,4.0,5000,0,0,1024.0,15990,tcl,64.0,18.0,0,0,dimensity,3,1,50.0,8.0,8,1765.4869016789673,269.1291008656963
Stylus,1,1,1,0,4.0,4000,0,0,2048.0,19990,tcl,128.0,18.0,0,1,dimensity,4,1,50.0,13.0,8,2686.6335812685734,394.5130075284249
Other,1,1,1,0,4.0,5000,0,0,1024.0,18999,tcl,64.0,15.0,0,0,dimensity,3,1,50.0,8.0,8,1765.4869016789673,267.49801540590414
Other,1,1,0,0,8.0,5000,0,0,1024.0,24990,tcl,128.0,33.0,0,0,dimensity,2,1,50.0,16.0,8,2683.281572999748,394.6002313234923
Other,1,1,1,0,6.0,5000,0,0,1024.0,23990,tcl,256.0,18.0,0,0,dimensity,2,1,50.0,16.0,8,1765.4869016789673,267.49801540590414
Other,1,1,1,0,6.0,5000,0,0,1024.0,22499,tcl,256.0,15.0,0,0,dimensity,3,1,50.0,8.0,8,1765.4869016789673,267.49801540590414
Trifold,1,1,1,1,12.0,4600,1,1,0.0,119990,tcl,256.0,67.0,0,0,snapdragon,3,1,50.0,32.0,8,2887.3267913417767,288.73267913417766
